STATION,STATION_NAME,DATE,DLY-PRCP-25PCTL,DLY-SNWD-25PCTL,DLY-SNOW-25PCTL,DLY-PRCP-50PCTL,DLY-SNWD-50PCTL,DLY-SNOW-50PCTL,DLY-PRCP-75PCTL,DLY-SNWD-75PCTL,DLY-SNOW-75PCTL,MTD-PRCP-NORMAL,MTD-SNOW-NORMAL,YTD-PRCP-NORMAL,YTD-SNOW-NORMAL,DLY-PRCP-PCTALL-GE001HI,DLY-PRCP-PCTALL-GE010HI,DLY-PRCP-PCTALL-GE050HI,DLY-PRCP-PCTALL-GE100HI,DLY-SNWD-PCTALL-GE001WI,DLY-SNWD-PCTALL-GE010WI,DLY-SNWD-PCTALL-GE003WI,DLY-SNWD-PCTALL-GE005WI,DLY-SNOW-PCTALL-GE001TI,DLY-SNOW-PCTALL-GE010TI,DLY-SNOW-PCTALL-GE100TI,DLY-SNOW-PCTALL-GE030TI,DLY-SNOW-PCTALL-GE050TI,DLY-TAVG-NORMAL,DLY-DUTR-NORMAL,DLY-TMAX-NORMAL,DLY-TMIN-NORMAL,DLY-TAVG-STDDEV,DLY-DUTR-STDDEV,DLY-TMAX-STDDEV,DLY-TMIN-STDDEV
string,string,string,numeric,numeric,numeric,numeric,numeric,numeric,numeric,numeric,numeric,numeric,numeric,numeric,numeric,numeric,numeric,numeric,numeric,numeric,numeric,numeric,numeric,numeric,numeric,numeric,numeric,numeric,numeric,numeric,numeric,numeric,numeric,numeric,numeric,numeric
GHCND:USW00014764,PORTLAND JETPORT ME US,20100101,0.1,5,0.8,0.38,13,3,1.04,23,8.1,0.28,1.5,0.28,1.5,372,221,77,30,570,145,419,324,238,134,8,66,35,-4.6,-8.1,0.3,-9.4,-12.4,-14.1,-12.3,-11.8
GHCND:USW00014764,PORTLAND JETPORT ME US,20100102,0.1,5,0.8,0.38,13,3.3,1.04,23,8.1,0.56,3,0.56,3,372,221,77,29,581,151,429,333,240,136,8,66,36,-4.7,-8.1,0.2,-9.6,-12.3,-14.1,-12.3,-11.8
GHCND:USW00014764,PORTLAND JETPORT ME US,20100103,0.1,5,0.8,0.38,13,3.3,1.04,25,8.1,0.86,4.6,0.86,4.6,371,220,77,29,592,158,439,343,241,137,8,67,37,-4.8,-8.1,0.1,-9.7,-12.3,-14.1,-12.3,-11.7
GHCND:USW00014764,PORTLAND JETPORT ME US,20100104,0.1,8,0.8,0.38,15,3.3,1.04,25,8.1,1.14,6.1,1.14,6.1,371,220,77,29,602,164,449,352,242,138,8,67,37,-4.9,-8.1,-0.1,-9.8,-12.3,-14.1,-12.3,-11.7
GHCND:USW00014764,PORTLAND JETPORT ME US,20100105,0.1,8,0.8,0.38,15,3.3,1.04,25,8.1,1.42,7.9,1.42,7.9,370,220,77,28,612,170,459,362,244,139,8,68,38,-5,-8,-0.1,-9.9,-12.2,-14.1,-12.2,-11.7
GHCND:USW00014764,PORTLAND JETPORT ME US,20100106,0.1,8,0.8,0.38,15,3.3,1.04,25,8.1,1.73,9.4,1.73,9.4,370,219,77,28,622,177,469,371,246,141,8,68,38,-5.1,-8,-0.2,-10,-12.2,-14.1,-12.2,-11.6
GHCND:USW00014764,PORTLAND JETPORT ME US,20100107,0.1,8,1,0.38,15,3.3,1.04,25,8.1,2.01,10.9,2.01,10.9,369,219,77,28,631,183,479,380,247,142,8,68,39,-5.2,-8,-0.3,-10.1,-12.2,-14.1,-12.2,-11.6
GHCND:USW00014764,PORTLAND JETPORT ME US,20100108,0.1,8,1,0.38,15,3.3,1.04,25,8.1,2.26,12.4,2.26,12.4,369,219,77,27,640,189,488,388,249,143,8,69,40,-5.3,-8,-0.4,-10.2,-12.1,-14.1,-12.2,-11.5
GHCND:USW00014764,PORTLAND JETPORT ME US,20100109,0.1,8,1,0.36,15,3.3,1.04,25,8.1,2.54,14.2,2.54,14.2,369,218,78,27,649,195,497,396,250,145,8,69,40,-5.3,-8,-0.4,-10.2,-12.1,-14,-12.2,-11.4
GHCND:USW00014764,PORTLAND JETPORT ME US,20100110,0.1,8,1,0.36,15,3.3,1.04,25,7.9,2.82,15.7,2.82,15.7,368,218,78,27,657,200,506,404,251,146,8,69,40,-5.4,-8,-0.5,-10.3,-12.1,-14,-12.1,-11.4
GHCND:USW00014764,PORTLAND JETPORT ME US,20100111,0.1,8,1,0.36,15,3.3,1.07,25,7.9,3.1,17.5,3.1,17.5,367,217,78,27,666,206,515,411,252,147,8,69,41,-5.5,-7.9,-0.6,-10.4,-12.1,-14,-12.1,-11.4
GHCND:USW00014764,PORTLAND JETPORT ME US,20100112,0.1,8,1,0.36,15,3.3,1.07,28,7.9,3.38,19.1,3.38,19.1,367,217,78,26,673,211,524,418,253,147,8,69,41,-5.6,-7.9,-0.6,-10.4,-12,-14,-12.1,-11.3
GHCND:USW00014764,PORTLAND JETPORT ME US,20100113,0.1,8,1,0.36,15,3.3,1.07,28,7.9,3.66,20.8,3.66,20.8,366,217,78,26,681,216,532,424,253,148,8,69,41,-5.6,-7.9,-0.7,-10.5,-12,-13.9,-12.1,-11.3
GHCND:USW00014764,PORTLAND JETPORT ME US,20100114,0.1,8,1,0.36,15,3.3,1.07,28,7.9,3.94,22.4,3.94,22.4,365,216,78,26,688,221,539,430,254,149,8,69,41,-5.6,-7.9,-0.7,-10.6,-12,-13.9,-12.1,-11.3
GHCND:USW00014764,PORTLAND JETPORT ME US,20100115,0.1,8,1,0.36,15,3.3,1.07,28,7.9,4.22,24.1,4.22,24.1,364,216,78,26,695,225,547,435,254,149,8,69,41,-5.7,-7.9,-0.7,-10.6,-12,-13.9,-12.1,-11.3
GHCND:USW00014764,PORTLAND JETPORT ME US,20100116,0.1,8,1,0.36,15,3.3,1.07,28,7.9,4.5,25.7,4.5,25.7,363,215,78,25,701,230,553,440,254,150,7,69,41,-5.7,-7.9,-0.7,-10.6,-12,-13.9,-12.1,-11.3
GHCND:USW00014764,PORTLAND JETPORT ME US,20100117,0.1,8,1,0.36,15,3.3,1.07,28,7.9,4.75,27.4,4.75,27.4,361,214,78,25,707,234,559,444,254,150,7,68,42,-5.7,-7.9,-0.7,-10.6,-12,-13.9,-12.1,-11.3
GHCND:USW00014764,PORTLAND JETPORT ME US,20100118,0.1,8,1,0.36,15,3.3,1.07,28,7.9,5.03,29,5.03,29,360,214,78,25,713,238,565,448,253,150,7,68,42,-5.7,-7.9,-0.8,-10.7,-12,-13.9,-12.2,-11.2
GHCND:USW00014764,PORTLAND JETPORT ME US,20100119,0.1,8,1,0.36,15,3.3,1.07,28,7.9,5.31,30.5,5.31,30.5,358,213,77,25,718,241,570,452,253,150,7,68,42,-5.7,-7.9,-0.7,-10.7,-12,-13.9,-12.2,-11.2
GHCND:USW00014764,PORTLAND JETPORT ME US,20100120,0.1,8,1,0.36,15,3.3,1.07,28,7.9,5.59,32,5.59,32,356,212,77,25,722,245,574,456,252,150,7,68,42,-5.7,-7.8,-0.7,-10.7,-12,-13.9,-12.2,-11.2
GHCND:USW00014764,PORTLAND JETPORT ME US,20100121,0.1,8,1,0.38,15,3.3,1.07,28,7.9,5.87,33.8,5.87,33.8,354,212,76,25,726,248,578,459,251,150,7,68,42,-5.7,-7.8,-0.7,-10.7,-12,-13.9,-12.2,-11.2
GHCND:USW00014764,PORTLAND JETPORT ME US,20100122,0.1,8,1,0.38,15,3.6,1.09,28,7.9,6.15,35.3,6.15,35.3,352,211,76,26,729,250,582,462,250,150,7,67,42,-5.7,-7.8,-0.7,-10.7,-12.1,-13.9,-12.2,-11.3
GHCND:USW00014764,PORTLAND JETPORT ME US,20100123,0.1,8,1,0.38,15,3.6,1.09,28,7.9,6.43,36.8,6.43,36.8,351,211,76,26,732,253,585,465,249,150,7,67,42,-5.7,-7.8,-0.7,-10.6,-12.1,-13.8,-12.2,-11.3
GHCND:USW00014764,PORTLAND JETPORT ME US,20100124,0.1,8,1,0.38,15,3.6,1.09,28,7.9,6.73,38.6,6.73,38.6,349,211,75,26,734,255,588,467,247,149,7,66,41,-5.6,-7.8,-0.6,-10.6,-12.1,-13.8,-12.3,-11.3
GHCND:USW00014764,PORTLAND JETPORT ME US,20100125,0.1,8,1,0.38,18,3.6,1.09,28,7.9,6.99,40.1,6.99,40.1,348,210,75,26,736,257,590,468,246,149,7,66,41,-5.6,-7.8,-0.6,-10.6,-12.1,-13.8,-12.3,-11.3
GHCND:USW00014764,PORTLAND JETPORT ME US,20100126,0.1,8,1,0.38,18,3.6,1.09,28,7.9,7.26,41.7,7.26,41.7,346,210,75,26,738,259,592,469,245,149,6,66,41,-5.5,-7.8,-0.5,-10.6,-12.2,-13.8,-12.3,-11.3
GHCND:USW00014764,PORTLAND JETPORT ME US,20100127,0.1,8,1,0.38,18,3.6,1.09,30,7.9,7.52,42.9,7.52,42.9,345,209,74,26,739,260,594,470,244,148,6,65,40,-5.5,-7.7,-0.4,-10.5,-12.2,-13.8,-12.4,-11.4
GHCND:USW00014764,PORTLAND JETPORT ME US,20100128,0.1,8,1.3,0.38,18,3.6,1.09,30,7.9,7.8,44.5,7.8,44.5,345,209,74,27,739,262,596,471,243,148,6,65,40,-5.4,-7.7,-0.4,-10.4,-12.2,-13.8,-12.4,-11.4
GHCND:USW00014764,PORTLAND JETPORT ME US,20100129,0.1,8,1.3,0.38,18,3.6,1.09,30,7.9,8.05,46,8.05,46,344,210,73,27,740,263,597,472,242,147,6,64,40,-5.3,-7.7,-0.3,-10.4,-12.2,-13.8,-12.4,-11.4
GHCND:USW00014764,PORTLAND JETPORT ME US,20100130,0.1,8,1.3,0.41,18,3.6,1.09,30,7.9,8.33,47.2,8.33,47.2,344,210,73,27,740,264,598,473,241,146,6,64,39,-5.3,-7.7,-0.2,-10.3,-12.3,-13.8,-12.4,-11.4
GHCND:USW00014764,PORTLAND JETPORT ME US,20100131,0.1,8,1.3,0.41,18,3.6,1.09,30,7.9,8.59,48.8,8.59,48.8,344,210,73,27,740,264,599,473,240,145,6,64,39,-5.2,-7.7,-0.2,-10.3,-12.3,-13.8,-12.5,-11.5
GHCND:USW00014764,PORTLAND JETPORT ME US,20100201,0.1,8,1.3,0.41,18,3.6,1.09,30,7.9,0.28,1.3,8.86,50,343,210,73,27,739,265,600,473,239,144,6,63,38,-5.1,-7.7,-0.1,-10.2,-12.3,-13.8,-12.6,-11.5
GHCND:USW00014764,PORTLAND JETPORT ME US,20100202,0.1,8,1.3,0.41,18,3.6,1.09,30,7.9,0.56,2.5,9.14,51.3,343,209,73,27,737,265,600,473,237,143,6,62,38,-5.1,-7.6,0,-10.1,-12.4,-13.8,-12.6,-11.6
GHCND:USW00014764,PORTLAND JETPORT ME US,20100203,0.1,8,1.3,0.41,18,3.6,1.09,30,7.9,0.81,3.6,9.4,52.3,343,209,73,27,736,265,600,472,236,141,6,62,38,-4.9,-7.6,0.1,-10.1,-12.4,-13.8,-12.6,-11.6
GHCND:USW00014764,PORTLAND JETPORT ME US,20100204,0.1,8,1.3,0.41,18,3.6,1.09,30,8.1,1.09,4.8,9.68,53.6,342,208,73,27,734,265,600,472,234,140,6,62,37,-4.9,-7.6,0.2,-9.9,-12.4,-13.9,-12.7,-11.7
GHCND:USW00014764,PORTLAND JETPORT ME US,20100205,0.1,8,1.3,0.41,18,3.6,1.09,30,8.1,1.37,6.1,9.96,54.9,341,207,72,27,732,265,599,471,232,138,6,61,37,-4.8,-7.6,0.3,-9.9,-12.5,-13.9,-12.7,-11.7
GHCND:USW00014764,PORTLAND JETPORT ME US,20100206,0.1,8,1.3,0.41,18,3.6,1.09,30,8.1,1.65,7.1,10.24,55.9,341,207,72,27,731,265,598,470,230,137,6,61,37,-4.7,-7.6,0.4,-9.8,-12.6,-13.9,-12.7,-11.7
GHCND:USW00014764,PORTLAND JETPORT ME US,20100207,0.1,8,1,0.41,18,3.6,1.09,30,8.1,1.93,8.1,10.52,56.9,340,206,72,28,728,264,596,468,228,135,6,60,36,-4.6,-7.6,0.5,-9.7,-12.6,-13.9,-12.7,-11.7
GHCND:USW00014764,PORTLAND JETPORT ME US,20100208,0.1,8,1,0.41,18,3.6,1.09,30,8.1,2.21,9.4,10.79,58.2,340,206,71,28,726,263,594,467,226,133,6,60,36,-4.4,-7.6,0.6,-9.6,-12.6,-13.9,-12.8,-11.8
GHCND:USW00014764,PORTLAND JETPORT ME US,20100209,0.1,8,1,0.41,18,3.6,1.09,30,8.1,2.46,10.4,11.05,59.2,340,206,72,28,723,263,592,465,224,132,6,60,36,-4.3,-7.6,0.8,-9.4,-12.6,-13.9,-12.8,-11.8
GHCND:USW00014764,PORTLAND JETPORT ME US,20100210,0.1,8,1,0.41,18,3.6,1.09,30,8.4,2.74,11.7,11.33,60.5,341,206,72,28,719,262,589,463,222,130,5,60,35,-4.2,-7.6,0.9,-9.3,-12.7,-13.9,-12.8,-11.8
GHCND:USW00014764,PORTLAND JETPORT ME US,20100211,0.1,8,1,0.41,18,3.6,1.12,30,8.4,3.05,12.7,11.63,61.5,341,207,72,29,715,261,586,461,220,129,5,59,35,-4.1,-7.6,1,-9.2,-12.7,-13.9,-12.8,-11.8
GHCND:USW00014764,PORTLAND JETPORT ME US,20100212,0.13,8,1,0.41,18,3.6,1.12,30,8.4,3.35,13.7,11.94,62.5,342,208,73,29,711,260,583,459,218,127,5,60,35,-4,-7.6,1.1,-9.1,-12.7,-13.9,-12.8,-11.9
GHCND:USW00014764,PORTLAND JETPORT ME US,20100213,0.13,8,1,0.41,18,3.6,1.12,30,8.4,3.63,15,12.22,63.8,343,209,73,29,706,258,579,457,216,126,5,59,35,-3.9,-7.6,1.2,-8.9,-12.7,-13.9,-12.8,-11.9
GHCND:USW00014764,PORTLAND JETPORT ME US,20100214,0.13,8,1,0.41,18,3.6,1.12,30,8.6,3.94,16,12.52,64.8,344,210,74,30,701,257,575,454,215,125,5,59,34,-3.7,-7.6,1.3,-8.8,-12.7,-13.9,-12.9,-11.9
GHCND:USW00014764,PORTLAND JETPORT ME US,20100215,0.13,8,1.3,0.41,18,3.6,1.12,30,8.6,4.24,17,12.83,65.8,346,211,74,30,695,256,572,452,213,124,5,59,34,-3.6,-7.6,1.4,-8.7,-12.7,-13.9,-12.9,-11.9
GHCND:USW00014764,PORTLAND JETPORT ME US,20100216,0.13,8,1.3,0.41,18,3.6,1.12,30,8.6,4.55,18,13.13,66.8,347,213,74,30,690,255,568,449,211,122,5,59,34,-3.5,-7.6,1.6,-8.6,-12.8,-13.9,-12.9,-11.9
GHCND:USW00014764,PORTLAND JETPORT ME US,20100217,0.13,8,1.3,0.41,18,3.6,1.12,30,8.6,4.85,19.1,13.44,67.8,348,214,75,30,684,254,564,446,209,121,5,59,34,-3.3,-7.6,1.7,-8.4,-12.8,-13.9,-12.9,-11.9
GHCND:USW00014764,PORTLAND JETPORT ME US,20100218,0.13,8,1.3,0.41,18,3.6,1.12,30,8.6,5.13,20.1,13.72,68.8,350,215,75,30,678,252,560,443,208,120,5,60,33,-3.2,-7.7,1.8,-8.3,-12.8,-13.9,-12.9,-11.9
GHCND:USW00014764,PORTLAND JETPORT ME US,20100219,0.13,8,1.3,0.41,18,3.6,1.12,30,8.9,5.44,21.1,14.02,69.9,352,216,76,30,672,251,555,439,207,119,4,59,33,-3.1,-7.7,1.9,-8.2,-12.8,-13.9,-12.9,-12
GHCND:USW00014764,PORTLAND JETPORT ME US,20100220,0.13,8,1.3,0.41,18,3.6,1.12,30,8.9,5.72,22.1,14.3,70.9,353,217,76,29,666,249,551,435,205,118,4,59,33,-2.9,-7.7,2.1,-8,-12.8,-13.9,-12.9,-12
GHCND:USW00014764,PORTLAND JETPORT ME US,20100221,0.13,8,1.3,0.41,18,3.6,1.12,30,8.9,6.02,23.1,14.6,71.9,354,218,77,29,660,248,546,430,203,117,4,59,33,-2.8,-7.7,2.2,-7.8,-12.8,-13.9,-12.9,-12
GHCND:USW00014764,PORTLAND JETPORT ME US,20100222,0.13,8,1.3,0.41,18,3.8,1.12,33,8.9,6.3,24.1,14.88,72.9,356,219,77,29,654,246,541,426,202,116,4,60,33,-2.7,-7.7,2.3,-7.7,-12.8,-13.9,-12.9,-12
GHCND:USW00014764,PORTLAND JETPORT ME US,20100223,0.13,8,1.3,0.41,18,3.8,1.14,33,8.9,6.63,25.1,15.21,73.9,358,221,78,29,648,245,535,422,201,115,4,59,33,-2.6,-7.8,2.5,-7.6,-12.8,-13.9,-12.9,-12.1
GHCND:USW00014764,PORTLAND JETPORT ME US,20100224,0.13,8,1.3,0.41,18,3.8,1.14,33,8.9,6.93,26.4,15.52,75.2,359,222,79,29,642,243,530,418,199,114,4,59,32,-2.4,-7.8,2.6,-7.4,-12.8,-13.9,-12.9,-12.1
GHCND:USW00014764,PORTLAND JETPORT ME US,20100225,0.13,8,1.3,0.41,18,3.8,1.14,33,8.9,7.26,27.4,15.85,76.2,361,223,79,29,636,242,525,413,198,114,4,59,32,-2.2,-7.8,2.7,-7.2,-12.9,-13.9,-12.9,-12.1
GHCND:USW00014764,PORTLAND JETPORT ME US,20100226,0.13,8,1.3,0.41,18,3.8,1.14,33,8.9,7.59,28.4,16.18,77.2,361,223,80,29,630,240,519,409,196,113,4,59,32,-2.1,-7.8,2.8,-7.1,-12.9,-13.9,-12.9,-12.1
GHCND:USW00014764,PORTLAND JETPORT ME US,20100227,0.13,8,1,0.38,18,3.8,1.14,33,9.1,7.92,29.7,16.51,78.5,362,223,80,29,623,239,513,404,194,112,4,59,32,-1.9,-7.9,3,-6.9,-12.9,-13.9,-12.9,-12.2
GHCND:USW00014764,PORTLAND JETPORT ME US,20100228,0.13,8,1.3,0.38,18,3.8,1.14,33,9.1,8.25,30.7,16.84,79.5,363,224,81,29,616,237,506,399,192,111,4,58,31,-1.8,-7.9,3.1,-6.7,-12.9,-13.9,-12.9,-12.2
GHCND:USW00014764,PORTLAND JETPORT ME US,20100301,0.13,8,1.3,0.38,18,3.8,1.17,33,9.1,0.33,1.3,17.17,80.8,365,225,82,29,600,232,491,387,189,109,4,58,31,-1.7,-7.9,3.3,-6.6,-12.9,-13.9,-13,-12.2
GHCND:USW00014764,PORTLAND JETPORT ME US,20100302,0.13,8,1.3,0.38,18,3.8,1.17,33,9.1,0.64,2.5,17.48,82,366,226,83,29,591,230,483,380,187,108,4,58,31,-1.5,-8,3.4,-6.4,-13,-13.9,-13,-12.3
GHCND:USW00014764,PORTLAND JETPORT ME US,20100303,0.13,8,1.3,0.38,18,3.8,1.17,33,9.1,0.97,3.8,17.81,83.3,367,228,83,29,582,227,474,374,185,108,4,57,31,-1.3,-8,3.5,-6.2,-13,-13.9,-13,-12.3
GHCND:USW00014764,PORTLAND JETPORT ME US,20100304,0.13,8,1.3,0.41,18,3.8,1.17,33,9.1,1.27,5.1,18.11,84.6,368,229,84,29,572,224,466,367,184,107,4,57,30,-1.2,-8.1,3.7,-6.1,-13.1,-13.9,-13.1,-12.3
GHCND:USW00014764,PORTLAND JETPORT ME US,20100305,0.13,8,1.3,0.41,18,3.8,1.17,33,9.1,1.6,6.4,18.44,85.9,370,231,85,29,562,221,457,360,182,106,4,57,30,-1.1,-8.1,3.8,-5.9,-13.1,-13.9,-13.1,-12.4
GHCND:USW00014764,PORTLAND JETPORT ME US,20100306,0.13,8,1.3,0.41,18,3.8,1.19,36,9.1,1.9,7.6,18.75,87.1,371,232,86,29,551,217,448,353,180,105,4,56,30,-0.9,-8.1,3.9,-5.7,-13.2,-13.9,-13.1,-12.4
GHCND:USW00014764,PORTLAND JETPORT ME US,20100307,0.13,8,1.3,0.41,18,3.8,1.19,36,8.9,2.24,8.9,19.08,88.4,373,234,87,29,540,214,438,346,178,104,4,55,29,-0.7,-8.2,4.1,-5.6,-13.2,-13.9,-13.1,-12.5
GHCND:USW00014764,PORTLAND JETPORT ME US,20100308,0.13,8,1.3,0.41,18,3.8,1.19,36,8.9,2.59,10.2,19.43,89.7,375,235,88,29,528,209,429,338,177,104,4,55,29,-0.6,-8.2,4.2,-5.4,-13.2,-13.9,-13.1,-12.6
GHCND:USW00014764,PORTLAND JETPORT ME US,20100309,0.13,8,1.3,0.41,18,3.8,1.22,36,8.9,2.95,11.4,19.79,90.9,376,236,89,30,517,205,419,329,175,103,4,54,28,-0.4,-8.2,4.4,-5.2,-13.3,-13.9,-13.1,-12.6
GHCND:USW00014764,PORTLAND JETPORT ME US,20100310,0.13,8,1.3,0.41,18,3.8,1.22,36,8.9,3.28,12.4,20.12,91.9,377,237,90,30,505,201,408,321,172,101,4,53,28,-0.3,-8.2,4.5,-5,-13.3,-13.9,-13.1,-12.7
GHCND:USW00014764,PORTLAND JETPORT ME US,20100311,0.13,8,1.3,0.41,18,3.6,1.22,36,8.6,3.61,13.7,20.45,93.2,377,237,91,29,493,196,398,312,170,100,4,52,27,-0.1,-8.3,4.7,-4.8,-13.3,-13.9,-13.1,-12.7
GHCND:USW00014764,PORTLAND JETPORT ME US,20100312,0.13,8,1.3,0.41,18,3.6,1.24,36,8.6,3.91,15,20.75,94.5,378,237,91,29,480,191,387,304,167,99,4,51,27,0.1,-8.3,4.8,-4.7,-13.4,-13.8,-13.1,-12.8
GHCND:USW00014764,PORTLAND JETPORT ME US,20100313,0.13,8,1.3,0.41,18,3.6,1.24,36,8.6,4.24,16,21.08,95.5,378,237,92,29,468,186,376,295,165,97,5,50,26,0.2,-8.3,5,-4.5,-13.4,-13.8,-13.2,-12.9
GHCND:USW00014764,PORTLAND JETPORT ME US,20100314,0.13,8,1.3,0.41,18,3.6,1.24,36,8.4,4.57,17.3,21.41,96.8,379,237,93,29,455,181,365,286,162,95,5,48,26,0.4,-8.3,5.2,-4.3,-13.4,-13.8,-13.2,-12.9
GHCND:USW00014764,PORTLAND JETPORT ME US,20100315,0.13,8,1.3,0.41,18,3.6,1.24,36,8.4,4.9,18.3,21.74,97.8,379,237,93,29,442,175,354,277,159,94,5,47,25,0.6,-8.3,5.3,-4.1,-13.5,-13.8,-13.2,-13
GHCND:USW00014764,PORTLAND JETPORT ME US,20100316,0.13,8,1.3,0.41,18,3.6,1.27,36,8.4,5.26,19.6,22.1,99.1,379,236,94,29,429,169,343,267,156,92,5,46,25,0.8,-8.3,5.5,-3.9,-13.6,-13.8,-13.2,-13.1
GHCND:USW00014764,PORTLAND JETPORT ME US,20100317,0.13,8,1.3,0.41,15,3.6,1.27,36,8.1,5.59,20.6,22.43,100.1,379,236,95,29,416,163,331,257,153,90,5,44,24,0.9,-8.3,5.7,-3.8,-13.6,-13.8,-13.1,-13.2
GHCND:USW00014764,PORTLAND JETPORT ME US,20100318,0.13,8,1.3,0.41,15,3.6,1.3,36,8.1,5.94,21.6,22.78,101.1,378,236,96,29,402,157,319,248,150,88,5,43,23,1.1,-8.3,5.8,-3.6,-13.6,-13.8,-13.1,-13.2
GHCND:USW00014764,PORTLAND JETPORT ME US,20100319,0.13,8,1.3,0.41,15,3.6,1.3,36,8.1,6.32,22.9,23.16,102.4,378,235,97,29,389,150,307,238,147,86,5,41,23,1.3,-8.3,6,-3.4,-13.7,-13.8,-13.1,-13.3
GHCND:USW00014764,PORTLAND JETPORT ME US,20100320,0.13,8,1.3,0.41,15,3.6,1.3,33,8.1,6.68,23.6,23.52,103.1,379,236,98,29,374,144,295,228,144,84,5,40,22,1.5,-8.3,6.2,-3.2,-13.7,-13.7,-13.1,-13.4
GHCND:USW00014764,PORTLAND JETPORT ME US,20100321,0.13,8,1.3,0.41,15,3.3,1.32,33,8.1,7.06,24.6,23.9,104.1,378,235,98,30,360,137,283,219,141,82,5,39,21,1.7,-8.3,6.4,-3.1,-13.7,-13.7,-13.1,-13.4
GHCND:USW00014764,PORTLAND JETPORT ME US,20100322,0.13,8,1.3,0.43,15,3.3,1.32,33,7.9,7.44,25.7,24.28,105.2,378,235,99,30,345,130,271,209,137,80,4,37,21,1.8,-8.3,6.6,-2.9,-13.8,-13.7,-13.1,-13.5
GHCND:USW00014764,PORTLAND JETPORT ME US,20100323,0.13,8,1.3,0.43,15,3.3,1.32,33,7.9,7.85,26.4,24.69,105.9,377,234,99,30,330,123,259,199,132,78,4,36,20,2,-8.3,6.8,-2.7,-13.8,-13.7,-13.1,-13.6
GHCND:USW00014764,PORTLAND JETPORT ME US,20100324,0.13,8,1.3,0.43,15,3.3,1.32,33,7.9,8.23,27.4,25.07,106.9,376,234,99,30,314,116,246,188,128,75,4,35,19,2.2,-8.3,6.9,-2.5,-13.8,-13.7,-13.1,-13.6
GHCND:USW00014764,PORTLAND JETPORT ME US,20100325,0.13,8,1.3,0.43,15,3.3,1.35,33,7.9,8.59,28.2,25.43,107.7,376,233,99,30,299,109,233,178,124,73,4,33,19,2.4,-8.3,7.2,-2.3,-13.9,-13.7,-13.1,-13.7
GHCND:USW00014764,PORTLAND JETPORT ME US,20100326,0.13,8,1.3,0.43,15,3.3,1.35,33,7.9,8.97,29,25.81,108.5,376,234,100,31,283,101,220,167,119,70,4,32,18,2.6,-8.3,7.3,-2.2,-13.9,-13.7,-13.1,-13.7
GHCND:USW00014764,PORTLAND JETPORT ME US,20100327,0.13,8,1.3,0.43,15,3.3,1.35,33,7.9,9.32,29.7,26.16,109.2,376,234,101,31,267,94,208,157,115,68,4,31,18,2.8,-8.2,7.6,-2,-13.9,-13.7,-13.1,-13.8
GHCND:USW00014764,PORTLAND JETPORT ME US,20100328,0.13,8,1.3,0.43,15,3.3,1.35,33,7.6,9.7,30.5,26.54,110,376,235,101,31,252,87,195,147,110,65,4,30,17,3,-8.2,7.8,-1.8,-13.9,-13.7,-13.1,-13.8
GHCND:USW00014764,PORTLAND JETPORT ME US,20100329,0.13,8,1.3,0.43,15,3.3,1.35,33,7.6,10.06,31,26.9,110.5,376,235,102,32,237,81,184,137,106,63,4,28,16,3.2,-8.2,8,-1.6,-14,-13.7,-13.1,-13.9
GHCND:USW00014764,PORTLAND JETPORT ME US,20100330,0.13,8,1.3,0.46,15,3.3,1.37,33,7.6,10.41,31.8,27.25,111.3,376,235,102,32,223,74,172,127,102,60,4,27,16,3.4,-8.1,8.2,-1.4,-14,-13.7,-13.1,-13.9
GHCND:USW00014764,PORTLAND JETPORT ME US,20100331,0.13,8,-169.2,0.46,15,-169.2,1.37,30,-169.2,10.77,32.3,27.61,111.8,376,235,102,32,210,68,161,118,98,57,4,26,15,3.6,-8.1,8.4,-1.3,-14.1,-13.6,-13.1,-14
GHCND:USW00014764,PORTLAND JETPORT ME US,20100401,0.13,8,-169.2,0.46,13,-169.2,1.37,30,-169.2,0.36,0.5,27.97,112.3,375,235,102,32,197,62,150,109,93,55,4,24,14,3.8,-8.1,8.6,-1.1,-14.1,-13.6,-13.1,-14.1
GHCND:USW00014764,PORTLAND JETPORT ME US,20100402,0.13,8,-169.2,0.46,13,-169.2,1.37,30,-169.2,0.74,1,28.35,112.8,375,234,102,32,184,57,140,101,89,52,4,23,14,4,-8,8.8,-0.9,-14.1,-13.6,-13.1,-14.1
GHCND:USW00014764,PORTLAND JETPORT ME US,20100403,0.13,8,-169.2,0.46,13,-169.2,1.37,30,-169.2,1.12,1.5,28.73,113.3,375,234,102,33,172,51,130,93,85,50,3,22,13,4.2,-8,9.1,-0.7,-14.1,-13.6,-13.1,-14.1
GHCND:USW00014764,PORTLAND JETPORT ME US,20100404,0.13,8,-169.2,0.46,13,-169.2,1.37,30,-169.2,1.5,2,29.11,113.8,374,233,102,33,160,46,121,85,81,47,3,21,13,4.4,-7.9,9.3,-0.6,-14.1,-13.6,-13.1,-14.2
GHCND:USW00014764,PORTLAND JETPORT ME US,20100405,0.13,8,-169.2,0.46,13,-169.2,1.37,30,-169.2,1.88,2.3,29.49,114,373,232,101,33,149,42,111,78,77,45,3,20,12,4.6,-7.9,9.6,-0.4,-14.1,-13.6,-13,-14.2
GHCND:USW00014764,PORTLAND JETPORT ME US,20100406,0.13,8,-169.2,0.46,13,-169.2,1.35,28,-169.2,2.24,2.8,29.85,114.6,372,231,100,33,138,37,103,71,73,43,3,19,12,4.8,-7.8,9.8,-0.2,-14.2,-13.5,-13,-14.2
GHCND:USW00014764,PORTLAND JETPORT ME US,20100407,0.13,-1692,-169.2,0.46,-1692,-169.2,1.35,-1692,-169.2,2.59,3,30.2,114.8,372,230,100,33,128,34,94,65,69,40,3,18,11,5,-7.8,10,0,-14.2,-13.5,-13,-14.2
GHCND:USW00014764,PORTLAND JETPORT ME US,20100408,0.13,-1692,-169.2,0.46,-1692,-169.2,1.35,-1692,-169.2,2.97,3.6,30.58,115.3,371,230,99,33,118,30,87,59,65,38,3,17,10,5.2,-7.7,10.2,0.2,-14.2,-13.4,-13,-14.3
GHCND:USW00014764,PORTLAND JETPORT ME US,20100409,0.13,-1692,-169.2,0.46,-1692,-169.2,1.32,-1692,-169.2,3.35,3.8,30.96,115.6,370,229,98,33,109,26,79,53,61,36,2,16,10,5.4,-7.7,10.4,0.3,-14.2,-13.4,-13,-14.3
GHCND:USW00014764,PORTLAND JETPORT ME US,20100410,0.13,-1692,-169.2,0.46,-1692,-169.2,1.32,-1692,-169.2,3.73,4.1,31.34,115.8,370,229,98,33,100,23,73,48,57,34,2,15,9,5.6,-7.7,10.7,0.6,-14.2,-13.4,-13,-14.3
GHCND:USW00014764,PORTLAND JETPORT ME US,20100411,0.13,-1692,-169.2,0.46,-1692,-169.2,1.32,-1692,-169.2,4.11,4.3,31.72,116.1,370,229,98,33,92,20,66,43,54,32,2,14,9,5.8,-7.6,10.9,0.7,-14.2,-13.4,-13,-14.3
GHCND:USW00014764,PORTLAND JETPORT ME US,20100412,0.13,-1692,-169.2,0.46,-1692,-169.2,1.32,-1692,-169.2,4.5,4.6,32.11,116.3,370,229,97,33,84,17,60,38,50,30,2,13,8,6,-7.6,11.1,0.9,-14.2,-13.4,-12.9,-14.3
GHCND:USW00014764,PORTLAND JETPORT ME US,20100413,0.13,-1692,-169.2,0.46,-1692,-169.2,1.32,-1692,-169.2,4.88,5.1,32.49,116.8,370,229,97,34,76,14,54,33,47,28,2,12,7,6.2,-7.5,11.3,1.1,-14.2,-13.4,-12.9,-14.3
GHCND:USW00014764,PORTLAND JETPORT ME US,20100414,0.13,-1692,-169.2,0.46,-1692,-169.2,1.3,-1692,-169.2,5.23,5.3,32.84,117.1,370,229,96,34,69,12,48,29,44,26,2,12,7,6.4,-7.4,11.6,1.2,-14.2,-13.4,-12.9,-14.4
GHCND:USW00014764,PORTLAND JETPORT ME US,20100415,0.13,-1692,-169.2,0.46,-1692,-169.2,1.3,-1692,-169.2,5.61,5.6,33.22,117.3,371,230,96,34,62,10,43,26,41,24,2,11,7,6.6,-7.4,11.8,1.4,-14.2,-13.4,-12.9,-14.4
GHCND:USW00014764,PORTLAND JETPORT ME US,20100416,0.13,-1692,-169.2,0.46,-1692,-169.2,1.3,-1692,-169.2,5.97,5.6,33.58,117.3,372,231,95,34,56,8,38,22,38,23,1,11,6,6.8,-7.4,12,1.6,-14.3,-13.3,-13,-14.4
GHCND:USW00014764,PORTLAND JETPORT ME US,20100417,0.13,-1692,-169.2,0.46,-1692,-169.2,1.27,-1692,-169.2,6.32,5.8,33.93,117.6,373,231,95,34,50,7,34,20,35,21,1,10,6,7,-7.3,12.2,1.8,-14.3,-13.3,-13,-14.4
GHCND:USW00014764,PORTLAND JETPORT ME US,20100418,0.13,-1692,-169.2,0.43,-1692,-169.2,1.27,-1692,-169.2,6.68,6.1,34.29,117.9,374,231,94,34,45,6,30,17,32,19,1,9,5,7.2,-7.3,12.4,1.9,-14.3,-13.3,-13,-14.4
GHCND:USW00014764,PORTLAND JETPORT ME US,20100419,0.13,-1692,-169.2,0.43,-1692,-169.2,1.27,-1692,-169.2,7.01,6.4,34.62,118.1,375,232,94,34,40,5,26,14,29,18,1,8,5,7.4,-7.3,12.7,2.1,-14.3,-13.3,-13,-14.4
GHCND:USW00014764,PORTLAND JETPORT ME US,20100420,0.13,-1692,-169.2,0.43,-1692,-169.2,1.24,-1692,-169.2,7.37,6.4,34.98,118.1,376,232,94,34,36,4,23,13,27,16,1,8,5,7.6,-7.2,12.9,2.3,-14.3,-13.3,-13,-14.4
GHCND:USW00014764,PORTLAND JETPORT ME US,20100421,0.13,-1692,-169.2,0.43,-1692,-169.2,1.24,-1692,-169.2,7.7,6.6,35.31,118.4,378,233,94,34,32,3,21,11,25,15,1,7,4,7.8,-7.2,13.1,2.5,-14.3,-13.3,-13,-14.4
GHCND:USW00014764,PORTLAND JETPORT ME US,20100422,0.13,-1692,-169.2,0.43,-1692,-169.2,1.24,-1692,-169.2,8.05,6.6,35.66,118.4,380,234,94,34,29,3,18,9,23,14,1,7,4,7.9,-7.2,13.3,2.7,-14.3,-13.3,-13,-14.4
GHCND:USW00014764,PORTLAND JETPORT ME US,20100423,0.13,-1692,-169.2,0.43,-1692,-169.2,1.22,-1692,-169.2,8.41,6.6,36.02,118.4,381,234,93,34,26,3,16,8,21,13,1,6,4,8.2,-7.1,13.5,2.8,-14.3,-13.3,-13,-14.4
GHCND:USW00014764,PORTLAND JETPORT ME US,20100424,0.13,-1692,-169.2,0.43,-1692,-169.2,1.22,-1692,-169.2,8.76,6.9,36.37,118.6,382,234,93,34,23,2,15,7,20,12,1,6,3,8.3,-7.1,13.7,3,-14.3,-13.2,-13,-14.4
GHCND:USW00014764,PORTLAND JETPORT ME US,20100425,0.13,-1692,-169.2,0.41,-1692,-169.2,1.22,-1692,-169.2,9.12,6.9,36.73,118.6,382,233,92,34,21,2,13,7,19,11,1,5,3,8.5,-7.1,13.9,3.2,-14.3,-13.2,-13,-14.4
GHCND:USW00014764,PORTLAND JETPORT ME US,20100426,0.13,-1692,-169.2,0.41,-1692,-169.2,1.19,-1692,-169.2,9.47,6.9,37.08,118.6,383,233,92,33,19,2,12,6,17,10,1,4,3,8.7,-7.1,14.1,3.3,-14.4,-13.2,-13,-14.5
GHCND:USW00014764,PORTLAND JETPORT ME US,20100427,0.13,-1692,-169.2,0.41,-1692,-169.2,1.19,-1692,-169.2,9.86,6.9,37.46,118.6,384,233,91,33,17,2,10,5,16,9,0,4,2,8.9,-7.1,14.3,3.5,-14.4,-13.2,-13,-14.5
GHCND:USW00014764,PORTLAND JETPORT ME US,20100428,0.13,-1692,-169.2,0.41,-1692,-169.2,1.19,-1692,-169.2,10.21,7.1,37.82,118.9,385,233,91,33,15,2,9,5,14,8,0,4,2,9.1,-7.1,14.4,3.7,-14.4,-13.2,-13,-14.5
GHCND:USW00014764,PORTLAND JETPORT ME US,20100429,0.13,-1692,-169.2,0.41,-1692,-169.2,1.17,-1692,-169.2,10.59,7.1,38.2,118.9,385,232,90,33,14,1,8,4,13,8,0,3,2,9.2,-7,14.6,3.9,-14.4,-13.2,-13,-14.5
GHCND:USW00014764,PORTLAND JETPORT ME US,20100430,0.13,-1692,-169.2,0.41,-1692,-169.2,1.17,-1692,-169.2,10.97,7.1,38.58,118.9,386,232,90,33,12,1,7,3,12,7,0,3,2,9.4,-7,14.8,4.1,-14.4,-13.2,-13,-14.5
GHCND:USW00014764,PORTLAND JETPORT ME US,20100501,0.1,-1692,-169.2,0.41,-1692,-169.2,1.17,-1692,-169.2,0.36,0,38.94,118.9,387,232,89,32,-9999,-9999,-9999,-9999,-9999,-9999,0,-9999,-9999,9.6,-7,15,4.2,-14.4,-13.2,-13,-14.6
GHCND:USW00014764,PORTLAND JETPORT ME US,20100502,0.1,-1692,-169.2,0.38,-1692,-169.2,1.14,-1692,-169.2,0.69,0,39.27,118.9,388,232,89,32,-9999,-9999,-9999,-9999,-9999,-9999,0,-9999,-9999,9.8,-7,15.2,4.4,-14.4,-13.2,-13,-14.6
GHCND:USW00014764,PORTLAND JETPORT ME US,20100503,0.1,-1692,-169.2,0.38,-1692,-169.2,1.14,-1692,-169.2,1.04,0,39.62,118.9,389,232,89,32,-9999,-9999,-9999,-9999,-9999,-9999,0,-9999,-9999,9.9,-7,15.3,4.6,-14.4,-13.1,-13,-14.6
GHCND:USW00014764,PORTLAND JETPORT ME US,20100504,0.1,-1692,-169.2,0.38,-1692,-169.2,1.14,-1692,-169.2,1.4,0,39.98,118.9,391,232,89,32,-9999,-9999,-9999,-9999,-9999,-9999,0,-9999,-9999,10.1,-7,15.5,4.7,-14.4,-13.1,-13,-14.6
GHCND:USW00014764,PORTLAND JETPORT ME US,20100505,0.1,-1692,-169.2,0.38,-1692,-169.2,1.14,-1692,-169.2,1.75,0,40.34,118.9,392,233,89,31,-9999,0,-9999,-9999,-9999,-9999,0,-9999,-9999,10.3,-7,15.7,4.9,-14.4,-13.1,-13,-14.6
GHCND:USW00014764,PORTLAND JETPORT ME US,20100506,0.1,-1692,-169.2,0.38,-1692,-169.2,1.12,-1692,-169.2,2.08,0,40.67,118.9,393,233,89,31,-9999,0,-9999,-9999,-9999,-9999,0,-9999,-9999,10.4,-7,15.8,5.1,-14.4,-13.1,-13,-14.6
GHCND:USW00014764,PORTLAND JETPORT ME US,20100507,0.1,-1692,-169.2,0.38,-1692,-169.2,1.12,-1692,-169.2,2.41,0,41,118.9,395,234,89,31,-9999,0,-9999,-9999,-9999,-9999,0,-9999,0,10.6,-7,16,5.2,-14.4,-13.1,-13,-14.6
GHCND:USW00014764,PORTLAND JETPORT ME US,20100508,0.1,-1692,-169.2,0.38,-1692,-169.2,1.12,-1692,-169.2,2.74,0,41.33,118.9,396,235,89,31,-9999,0,-9999,-9999,-9999,-9999,0,-9999,0,10.8,-7,16.2,5.4,-14.4,-13.1,-13,-14.6
GHCND:USW00014764,PORTLAND JETPORT ME US,20100509,0.1,-1692,-169.2,0.41,-1692,-169.2,1.12,-1692,-169.2,3.05,0.3,41.63,119.1,397,236,89,31,-9999,0,-9999,0,-9999,-9999,0,-9999,0,10.9,-7,16.3,5.6,-14.4,-13.1,-12.9,-14.6
GHCND:USW00014764,PORTLAND JETPORT ME US,20100510,0.1,-1692,-169.2,0.41,-1692,-169.2,1.12,-1692,-169.2,3.38,0.3,41.96,119.1,399,236,89,30,-9999,0,-9999,0,-9999,-9999,0,-9999,0,11.1,-7.1,16.5,5.7,-14.4,-13.1,-12.9,-14.6
GHCND:USW00014764,PORTLAND JETPORT ME US,20100511,0.1,-1692,-169.2,0.41,-1692,-169.2,1.09,-1692,-169.2,3.68,0.3,42.27,119.1,400,237,89,30,-9999,0,-9999,0,-9999,-9999,0,0,0,11.3,-7.1,16.7,5.9,-14.4,-13.1,-12.9,-14.6
GHCND:USW00014764,PORTLAND JETPORT ME US,20100512,0.1,-1692,-169.2,0.41,-1692,-169.2,1.09,-1692,-169.2,4.01,0.3,42.6,119.1,401,237,89,30,-9999,0,-9999,0,-9999,-9999,0,0,0,11.4,-7.1,16.8,6.1,-14.4,-13.1,-12.9,-14.6
GHCND:USW00014764,PORTLAND JETPORT ME US,20100513,0.1,-1692,-169.2,0.41,-1692,-169.2,1.09,-1692,-169.2,4.32,0.3,42.9,119.1,402,236,89,30,-9999,0,-9999,0,-9999,-9999,0,0,0,11.6,-7.1,17,6.3,-14.4,-13.1,-12.9,-14.6
GHCND:USW00014764,PORTLAND JETPORT ME US,20100514,0.1,-1692,-169.2,0.41,-1692,-169.2,1.09,-1692,-169.2,4.62,0.3,43.21,119.1,402,236,88,29,-9999,0,-9999,0,-9999,-9999,0,0,0,11.8,-7.1,17.2,6.4,-14.4,-13.1,-12.9,-14.6
GHCND:USW00014764,PORTLAND JETPORT ME US,20100515,0.1,-1692,-169.2,0.41,-1692,-169.2,1.09,-1692,-169.2,4.93,0.3,43.51,119.1,403,236,88,29,-9999,0,-9999,0,-9999,-9999,0,0,0,11.9,-7.1,17.3,6.6,-14.4,-13.1,-12.9,-14.7
GHCND:USW00014764,PORTLAND JETPORT ME US,20100516,0.1,-1692,-169.2,0.41,-1692,-169.2,1.09,-1692,-169.2,5.26,0.3,43.84,119.1,404,236,88,29,-9999,0,-9999,0,-9999,-9999,0,0,0,12.1,-7.1,17.5,6.8,-14.4,-13.1,-12.9,-14.7
GHCND:USW00014764,PORTLAND JETPORT ME US,20100517,0.1,-9999,-169.2,0.41,-9999,-169.2,1.09,-9999,-169.2,5.56,0.3,44.15,119.1,404,236,88,29,0,0,0,0,-9999,-9999,0,0,0,12.3,-7.1,17.6,6.9,-14.4,-13.1,-12.9,-14.7
GHCND:USW00014764,PORTLAND JETPORT ME US,20100518,0.1,-9999,-169.2,0.41,-9999,-169.2,1.09,-9999,-169.2,5.89,0.3,44.48,119.1,405,236,88,29,0,0,0,0,-9999,-9999,0,0,0,12.4,-7.1,17.8,7.1,-14.4,-13.2,-12.9,-14.7
GHCND:USW00014764,PORTLAND JETPORT ME US,20100519,0.1,-9999,-169.2,0.41,-9999,-169.2,1.09,-9999,-169.2,6.22,0.3,44.81,119.1,405,236,88,29,0,0,0,0,-9999,-9999,0,0,0,12.6,-7.1,17.9,7.3,-14.4,-13.2,-12.9,-14.7
GHCND:USW00014764,PORTLAND JETPORT ME US,20100520,0.1,-9999,-169.2,0.38,-9999,-169.2,1.07,-9999,-169.2,6.55,0.3,45.14,119.1,405,235,87,29,0,0,0,0,-9999,-9999,0,0,0,12.8,-7.1,18.1,7.4,-14.4,-13.2,-12.9,-14.7
GHCND:USW00014764,PORTLAND JETPORT ME US,20100521,0.1,-9999,-169.2,0.38,-9999,-169.2,1.07,-9999,-169.2,6.88,0.3,45.47,119.1,405,235,87,29,0,0,0,0,-9999,-9999,0,0,0,12.9,-7.1,18.3,7.6,-14.4,-13.2,-12.9,-14.7
GHCND:USW00014764,PORTLAND JETPORT ME US,20100522,0.1,-9999,-169.2,0.38,-9999,-169.2,1.07,-9999,-169.2,7.21,0.3,45.8,119.1,406,235,87,29,0,0,0,0,-9999,0,0,0,0,13.1,-7.1,18.5,7.8,-14.4,-13.2,-12.9,-14.7
GHCND:USW00014764,PORTLAND JETPORT ME US,20100523,0.1,-9999,-169.2,0.38,-9999,-169.2,1.07,-9999,-169.2,7.54,0.3,46.13,119.1,406,235,87,29,0,0,0,0,-9999,0,0,0,0,13.3,-7.1,18.7,7.9,-14.4,-13.2,-12.9,-14.7
GHCND:USW00014764,PORTLAND JETPORT ME US,20100524,0.1,-9999,-9999,0.38,-9999,-9999,1.07,-9999,-9999,7.9,0.3,46.48,119.1,407,235,87,29,0,0,0,0,0,0,0,0,0,13.5,-7.1,18.8,8.2,-14.4,-13.2,-12.9,-14.7
GHCND:USW00014764,PORTLAND JETPORT ME US,20100525,0.1,-9999,-9999,0.38,-9999,-9999,1.07,-9999,-9999,8.23,0.3,46.81,119.1,407,235,87,29,0,0,0,0,0,0,0,0,0,13.7,-7.1,19,8.3,-14.4,-13.2,-12.9,-14.7
GHCND:USW00014764,PORTLAND JETPORT ME US,20100526,0.1,-9999,-9999,0.38,-9999,-9999,1.07,-9999,-9999,8.56,0.3,47.14,119.1,408,236,87,29,0,0,0,0,0,0,0,0,0,13.8,-7.1,19.2,8.5,-14.4,-13.2,-12.8,-14.7
GHCND:USW00014764,PORTLAND JETPORT ME US,20100527,0.1,-9999,-9999,0.38,-9999,-9999,1.07,-9999,-9999,8.89,0.3,47.47,119.1,408,236,87,29,0,0,0,0,0,0,0,0,0,14,-7.1,19.3,8.7,-14.4,-13.2,-12.8,-14.7
GHCND:USW00014764,PORTLAND JETPORT ME US,20100528,0.1,-9999,-9999,0.38,-9999,-9999,1.07,-9999,-9999,9.19,0.3,47.78,119.1,409,237,87,29,0,0,0,0,0,0,0,0,0,14.2,-7.1,19.6,8.8,-14.3,-13.2,-12.8,-14.7
GHCND:USW00014764,PORTLAND JETPORT ME US,20100529,0.1,-9999,-9999,0.38,-9999,-9999,1.07,-9999,-9999,9.53,0.3,48.11,119.1,409,237,87,29,0,0,0,0,0,0,0,0,0,14.4,-7.1,19.7,9,-14.3,-13.2,-12.8,-14.7
GHCND:USW00014764,PORTLAND JETPORT ME US,20100530,0.1,-9999,-9999,0.38,-9999,-9999,1.04,-9999,-9999,9.86,0.3,48.44,119.1,409,237,87,30,0,0,0,0,0,0,0,0,0,14.6,-7.1,19.9,9.2,-14.3,-13.3,-12.8,-14.7
GHCND:USW00014764,PORTLAND JETPORT ME US,20100531,0.1,-9999,-9999,0.38,-9999,-9999,1.04,-9999,-9999,10.19,0.3,48.77,119.1,409,237,86,30,0,0,0,0,0,0,0,0,0,14.7,-7.1,20.1,9.4,-14.3,-13.3,-12.8,-14.7
GHCND:USW00014764,PORTLAND JETPORT ME US,20100601,0.1,-9999,-9999,0.38,-9999,-9999,1.04,-9999,-9999,0.36,0,49.12,119.1,409,237,86,30,0,0,0,0,0,0,0,0,0,14.9,-7.1,20.3,9.6,-14.3,-13.3,-12.8,-14.7
GHCND:USW00014764,PORTLAND JETPORT ME US,20100602,0.1,-9999,-9999,0.38,-9999,-9999,1.04,-9999,-9999,0.71,0,49.48,119.1,409,237,86,30,0,0,0,0,0,0,0,0,0,15.1,-7.1,20.4,9.7,-14.3,-13.3,-12.8,-14.7
GHCND:USW00014764,PORTLAND JETPORT ME US,20100603,0.1,-9999,-9999,0.38,-9999,-9999,1.04,-9999,-9999,1.07,0,49.83,119.1,408,236,85,30,0,0,0,0,0,0,0,0,0,15.3,-7,20.7,9.9,-14.3,-13.3,-12.8,-14.7
GHCND:USW00014764,PORTLAND JETPORT ME US,20100604,0.1,-9999,-9999,0.38,-9999,-9999,1.04,-9999,-9999,1.42,0,50.19,119.1,407,235,85,30,0,0,0,0,0,0,0,0,0,15.4,-7,20.8,10.1,-14.3,-13.3,-12.8,-14.7
GHCND:USW00014764,PORTLAND JETPORT ME US,20100605,0.1,-9999,-9999,0.38,-9999,-9999,1.02,-9999,-9999,1.78,0,50.55,119.1,406,234,84,30,0,0,0,0,0,0,0,0,0,15.7,-7,21.1,10.3,-14.3,-13.4,-12.8,-14.7
GHCND:USW00014764,PORTLAND JETPORT ME US,20100606,0.1,-9999,-9999,0.36,-9999,-9999,1.02,-9999,-9999,2.13,0,50.9,119.1,405,233,83,30,0,0,0,0,0,0,0,0,0,15.8,-7,21.2,10.4,-14.3,-13.4,-12.8,-14.7
GHCND:USW00014764,PORTLAND JETPORT ME US,20100607,0.1,-9999,-9999,0.36,-9999,-9999,1.02,-9999,-9999,2.49,0,51.26,119.1,403,231,83,30,0,0,0,0,0,0,0,0,0,16,-6.9,21.4,10.6,-14.3,-13.4,-12.8,-14.7
GHCND:USW00014764,PORTLAND JETPORT ME US,20100608,0.1,-9999,-9999,0.36,-9999,-9999,1.02,-9999,-9999,2.84,0,51.61,119.1,401,230,82,29,0,0,0,0,0,0,0,0,0,16.2,-6.9,21.6,10.8,-14.3,-13.4,-12.9,-14.8
GHCND:USW00014764,PORTLAND JETPORT ME US,20100609,0.1,-9999,-9999,0.36,-9999,-9999,1.02,-9999,-9999,3.2,0,51.97,119.1,399,228,81,29,0,0,0,0,0,0,0,0,0,16.4,-6.9,21.8,10.9,-14.3,-13.4,-12.9,-14.8
GHCND:USW00014764,PORTLAND JETPORT ME US,20100610,0.1,-9999,-9999,0.36,-9999,-9999,0.99,-9999,-9999,3.53,0,52.3,119.1,398,227,80,29,0,0,0,0,0,0,0,0,0,16.6,-6.9,22,11.1,-14.4,-13.5,-12.9,-14.8
GHCND:USW00014764,PORTLAND JETPORT ME US,20100611,0.1,-9999,-9999,0.36,-9999,-9999,0.99,-9999,-9999,3.89,0,52.65,119.1,396,227,80,29,0,0,0,0,0,0,0,0,0,16.7,-6.9,22.2,11.3,-14.4,-13.6,-13,-14.8
GHCND:USW00014764,PORTLAND JETPORT ME US,20100612,0.1,-9999,-9999,0.36,-9999,-9999,0.99,-9999,-9999,4.24,0,53.01,119.1,395,226,79,29,0,0,0,0,0,0,0,0,0,16.9,-6.9,22.4,11.5,-14.4,-13.6,-13,-14.8
GHCND:USW00014764,PORTLAND JETPORT ME US,20100613,0.1,-9999,-9999,0.36,-9999,-9999,0.99,-9999,-9999,4.57,0,53.34,119.1,394,226,78,29,0,0,0,0,0,0,0,0,0,17.1,-6.9,22.6,11.7,-14.4,-13.6,-13.1,-14.8
GHCND:USW00014764,PORTLAND JETPORT ME US,20100614,0.1,-9999,-9999,0.36,-9999,-9999,0.99,-9999,-9999,4.93,0,53.7,119.1,391,224,77,29,0,0,0,0,0,0,0,0,0,17.3,-6.9,22.7,11.8,-14.4,-13.6,-13.1,-14.8
GHCND:USW00014764,PORTLAND JETPORT ME US,20100615,0.1,-9999,-9999,0.36,-9999,-9999,0.97,-9999,-9999,5.26,0,54.03,119.1,389,223,76,28,0,0,0,0,0,0,0,0,0,17.4,-6.8,22.9,12,-14.4,-13.6,-13.1,-14.8
GHCND:USW00014764,PORTLAND JETPORT ME US,20100616,0.1,-9999,-9999,0.36,-9999,-9999,0.97,-9999,-9999,5.59,0,54.36,119.1,387,222,76,28,0,0,0,0,0,0,0,0,0,17.6,-6.8,23.1,12.2,-14.4,-13.7,-13.1,-14.8
GHCND:USW00014764,PORTLAND JETPORT ME US,20100617,0.1,-9999,-9999,0.36,-9999,-9999,0.97,-9999,-9999,5.89,0,54.66,119.1,385,221,75,28,0,0,0,0,0,0,0,0,0,17.8,-6.8,23.3,12.3,-14.4,-13.7,-13.2,-14.8
GHCND:USW00014764,PORTLAND JETPORT ME US,20100618,0.1,-9999,-9999,0.36,-9999,-9999,0.97,-9999,-9999,6.2,0,54.97,119.1,383,220,74,28,0,0,0,0,0,0,0,0,0,17.9,-6.8,23.4,12.5,-14.5,-13.7,-13.2,-14.8
GHCND:USW00014764,PORTLAND JETPORT ME US,20100619,0.1,-9999,-9999,0.36,-9999,-9999,0.97,-9999,-9999,6.5,0,55.27,119.1,380,219,73,28,0,0,0,0,0,0,0,0,0,18.1,-6.8,23.6,12.7,-14.5,-13.7,-13.2,-14.8
GHCND:USW00014764,PORTLAND JETPORT ME US,20100620,0.1,-9999,-9999,0.36,-9999,-9999,0.94,-9999,-9999,6.81,0,55.58,119.1,378,218,72,27,0,0,0,0,0,0,0,0,0,18.3,-6.8,23.8,12.8,-14.5,-13.8,-13.2,-14.8
GHCND:USW00014764,PORTLAND JETPORT ME US,20100621,0.1,-9999,-9999,0.36,-9999,-9999,0.94,-9999,-9999,7.09,0,55.85,119.1,377,218,72,27,0,0,0,0,0,0,0,0,0,18.4,-6.8,23.9,12.9,-14.5,-13.8,-13.3,-14.8
GHCND:USW00014764,PORTLAND JETPORT ME US,20100622,0.1,-9999,-9999,0.36,-9999,-9999,0.94,-9999,-9999,7.37,0,56.13,119.1,375,217,71,27,0,0,0,0,0,0,0,0,0,18.6,-6.8,24.1,13.1,-14.6,-13.8,-13.3,-14.8
GHCND:USW00014764,PORTLAND JETPORT ME US,20100623,0.1,-9999,-9999,0.36,-9999,-9999,0.94,-9999,-9999,7.65,0,56.41,119.1,373,217,71,27,0,0,0,0,0,0,0,0,0,18.7,-6.8,24.2,13.3,-14.6,-13.8,-13.3,-14.8
GHCND:USW00014764,PORTLAND JETPORT ME US,20100624,0.1,-9999,-9999,0.36,-9999,-9999,0.97,-9999,-9999,7.92,0,56.69,119.1,371,216,70,27,0,0,0,0,0,0,0,0,0,18.9,-6.8,24.4,13.4,-14.6,-13.9,-13.4,-14.8
GHCND:USW00014764,PORTLAND JETPORT ME US,20100625,0.1,-9999,-9999,0.36,-9999,-9999,0.97,-9999,-9999,8.23,0,57,119.1,370,215,70,27,0,0,0,0,0,0,0,0,0,19,-6.8,24.5,13.6,-14.6,-13.9,-13.4,-14.9
GHCND:USW00014764,PORTLAND JETPORT ME US,20100626,0.1,-9999,-9999,0.36,-9999,-9999,0.97,-9999,-9999,8.51,0,57.28,119.1,368,214,70,27,0,0,0,0,0,0,0,0,0,19.2,-6.8,24.6,13.7,-14.6,-13.9,-13.4,-14.9
GHCND:USW00014764,PORTLAND JETPORT ME US,20100627,0.1,-9999,-9999,0.36,-9999,-9999,0.97,-9999,-9999,8.79,0,57.56,119.1,366,214,70,27,0,0,0,0,0,0,0,0,0,19.3,-6.8,24.8,13.8,-14.7,-14,-13.5,-14.9
GHCND:USW00014764,PORTLAND JETPORT ME US,20100628,0.1,-9999,-9999,0.36,-9999,-9999,0.97,-9999,-9999,9.07,0,57.84,119.1,364,213,70,27,0,0,0,0,0,0,0,0,0,19.4,-6.8,24.9,13.9,-14.7,-14,-13.5,-14.9
GHCND:USW00014764,PORTLAND JETPORT ME US,20100629,0.1,-9999,-9999,0.38,-9999,-9999,0.97,-9999,-9999,9.35,0,58.12,119.1,363,213,71,27,0,0,0,0,0,0,0,0,0,19.6,-6.8,25,14.1,-14.7,-14.1,-13.6,-14.9
GHCND:USW00014764,PORTLAND JETPORT ME US,20100630,0.1,-9999,-9999,0.38,-9999,-9999,0.99,-9999,-9999,9.63,0,58.39,119.1,361,213,71,27,0,0,0,0,0,0,0,0,0,19.7,-6.8,25.1,14.2,-14.7,-14.1,-13.6,-14.9
GHCND:USW00014764,PORTLAND JETPORT ME US,20100701,0.1,-9999,-9999,0.38,-9999,-9999,0.99,-9999,-9999,0.28,0,58.67,119.1,360,213,71,26,0,0,0,0,0,0,0,0,0,19.8,-6.8,25.2,14.3,-14.7,-14.1,-13.6,-14.9
GHCND:USW00014764,PORTLAND JETPORT ME US,20100702,0.1,-9999,-9999,0.38,-9999,-9999,0.99,-9999,-9999,0.56,0,58.95,119.1,359,213,71,26,0,0,0,0,0,0,0,0,0,19.9,-6.9,25.3,14.4,-14.8,-14.1,-13.7,-14.9
GHCND:USW00014764,PORTLAND JETPORT ME US,20100703,0.1,-9999,-9999,0.38,-9999,-9999,0.99,-9999,-9999,0.81,0,59.21,119.1,358,213,72,26,0,0,0,0,0,0,0,0,0,19.9,-6.9,25.4,14.5,-14.8,-14.1,-13.7,-15
GHCND:USW00014764,PORTLAND JETPORT ME US,20100704,0.1,-9999,-9999,0.38,-9999,-9999,0.99,-9999,-9999,1.09,0,59.49,119.1,358,214,72,26,0,0,0,0,0,0,0,0,0,20.1,-6.9,25.5,14.6,-14.8,-14.2,-13.7,-15
GHCND:USW00014764,PORTLAND JETPORT ME US,20100705,0.1,-9999,-9999,0.41,-9999,-9999,1.02,-9999,-9999,1.37,0,59.77,119.1,357,215,73,26,0,0,0,0,0,0,0,0,0,20.2,-6.9,25.6,14.7,-14.8,-14.2,-13.8,-15
GHCND:USW00014764,PORTLAND JETPORT ME US,20100706,0.1,-9999,-9999,0.41,-9999,-9999,1.02,-9999,-9999,1.68,0,60.07,119.1,357,215,73,26,0,0,0,0,0,0,0,0,0,20.2,-6.9,25.7,14.8,-14.8,-14.2,-13.8,-15
GHCND:USW00014764,PORTLAND JETPORT ME US,20100707,0.1,-9999,-9999,0.41,-9999,-9999,1.02,-9999,-9999,1.98,0,60.38,119.1,356,216,74,26,0,0,0,0,0,0,0,0,0,20.3,-6.9,25.7,14.9,-14.9,-14.2,-13.8,-15
GHCND:USW00014764,PORTLAND JETPORT ME US,20100708,0.1,-9999,-9999,0.41,-9999,-9999,1.04,-9999,-9999,2.26,0,60.66,119.1,356,217,75,27,0,0,0,0,0,0,0,0,0,20.4,-6.9,25.8,14.9,-14.9,-14.2,-13.8,-15.1
GHCND:USW00014764,PORTLAND JETPORT ME US,20100709,0.1,-9999,-9999,0.41,-9999,-9999,1.04,-9999,-9999,2.57,0,60.96,119.1,356,217,75,26,0,0,0,0,0,0,0,0,0,20.4,-6.9,25.9,15.1,-14.9,-14.3,-13.9,-15.1
GHCND:USW00014764,PORTLAND JETPORT ME US,20100710,0.1,-9999,-9999,0.41,-9999,-9999,1.04,-9999,-9999,2.87,0,61.26,119.1,355,217,75,26,0,0,0,0,0,0,0,0,0,20.5,-6.9,25.9,15.1,-14.9,-14.3,-13.9,-15.1
GHCND:USW00014764,PORTLAND JETPORT ME US,20100711,0.1,-9999,-9999,0.41,-9999,-9999,1.04,-9999,-9999,3.18,0,61.57,119.1,354,216,76,26,0,0,0,0,0,0,0,0,0,20.6,-7,25.9,15.2,-14.9,-14.3,-13.9,-15.1
GHCND:USW00014764,PORTLAND JETPORT ME US,20100712,0.1,-9999,-9999,0.41,-9999,-9999,1.07,-9999,-9999,3.48,0,61.87,119.1,354,216,76,27,0,0,0,0,0,0,0,0,0,20.6,-7,26,15.2,-14.9,-14.3,-13.9,-15.1
GHCND:USW00014764,PORTLAND JETPORT ME US,20100713,0.1,-9999,-9999,0.41,-9999,-9999,1.07,-9999,-9999,3.78,0,62.18,119.1,354,216,77,27,0,0,0,0,0,0,0,0,0,20.7,-7,26.1,15.3,-14.9,-14.3,-13.9,-15.1
GHCND:USW00014764,PORTLAND JETPORT ME US,20100714,0.1,-9999,-9999,0.41,-9999,-9999,1.07,-9999,-9999,4.09,0,62.48,119.1,354,217,77,27,0,0,0,0,0,0,0,0,0,20.7,-7,26.1,15.3,-14.9,-14.3,-13.9,-15.1
GHCND:USW00014764,PORTLAND JETPORT ME US,20100715,0.1,-9999,-9999,0.43,-9999,-9999,1.07,-9999,-9999,4.39,0,62.79,119.1,353,216,78,27,0,0,0,0,0,0,0,0,0,20.8,-7,26.1,15.4,-15,-14.3,-14,-15.1
GHCND:USW00014764,PORTLAND JETPORT ME US,20100716,0.1,-9999,-9999,0.43,-9999,-9999,1.07,-9999,-9999,4.7,0,63.09,119.1,353,216,78,26,0,0,0,0,0,0,0,0,0,20.8,-7.1,26.2,15.4,-15,-14.3,-14,-15.1
GHCND:USW00014764,PORTLAND JETPORT ME US,20100717,0.1,-9999,-9999,0.43,-9999,-9999,1.09,-9999,-9999,5,0,63.4,119.1,353,216,79,26,0,0,0,0,0,0,0,0,0,20.8,-7.1,26.2,15.4,-15,-14.3,-14,-15.1
GHCND:USW00014764,PORTLAND JETPORT ME US,20100718,0.1,-9999,-9999,0.43,-9999,-9999,1.09,-9999,-9999,5.31,0,63.7,119.1,353,216,80,26,0,0,0,0,0,0,0,0,0,20.8,-7.1,26.2,15.5,-15.1,-14.3,-14.1,-15.1
GHCND:USW00014764,PORTLAND JETPORT ME US,20100719,0.1,-9999,-9999,0.43,-9999,-9999,1.09,-9999,-9999,5.61,0,64.01,119.1,352,216,80,26,0,0,0,0,0,0,0,0,0,20.8,-7.1,26.2,15.5,-15.1,-14.3,-14.1,-15.2
GHCND:USW00014764,PORTLAND JETPORT ME US,20100720,0.1,-9999,-9999,0.43,-9999,-9999,1.09,-9999,-9999,5.92,0,64.31,119.1,351,215,80,26,0,0,0,0,0,0,0,0,0,20.9,-7.1,26.2,15.5,-15.1,-14.3,-14.1,-15.2
GHCND:USW00014764,PORTLAND JETPORT ME US,20100721,0.1,-9999,-9999,0.43,-9999,-9999,1.09,-9999,-9999,6.22,0,64.62,119.1,349,215,80,26,0,0,0,0,0,0,0,0,0,20.9,-7.1,26.2,15.6,-15.1,-14.3,-14.1,-15.2
GHCND:USW00014764,PORTLAND JETPORT ME US,20100722,0.1,-9999,-9999,0.43,-9999,-9999,1.09,-9999,-9999,6.53,0,64.92,119.1,348,214,79,25,0,0,0,0,0,0,0,0,0,20.9,-7.1,26.3,15.6,-15.1,-14.3,-14.1,-15.2
GHCND:USW00014764,PORTLAND JETPORT ME US,20100723,0.1,-9999,-9999,0.43,-9999,-9999,1.09,-9999,-9999,6.83,0,65.23,119.1,347,213,79,25,0,0,0,0,0,0,0,0,0,20.9,-7.1,26.3,15.6,-15.1,-14.3,-14.1,-15.2
GHCND:USW00014764,PORTLAND JETPORT ME US,20100724,0.1,-9999,-9999,0.43,-9999,-9999,1.09,-9999,-9999,7.14,0,65.53,119.1,345,212,78,25,0,0,0,0,0,0,0,0,0,20.9,-7.1,26.3,15.6,-15.1,-14.3,-14.1,-15.2
GHCND:USW00014764,PORTLAND JETPORT ME US,20100725,0.1,-9999,-9999,0.43,-9999,-9999,1.07,-9999,-9999,7.42,0,65.81,119.1,343,211,77,25,0,0,0,0,0,0,0,0,0,20.9,-7.1,26.3,15.6,-15.1,-14.3,-14.1,-15.2
GHCND:USW00014764,PORTLAND JETPORT ME US,20100726,0.1,-9999,-9999,0.43,-9999,-9999,1.07,-9999,-9999,7.72,0,66.12,119.1,342,209,76,24,0,0,0,0,0,0,0,0,0,20.9,-7.1,26.3,15.6,-15.1,-14.3,-14.2,-15.1
GHCND:USW00014764,PORTLAND JETPORT ME US,20100727,0.1,-9999,-9999,0.43,-9999,-9999,1.07,-9999,-9999,8,0,66.4,119.1,341,208,76,24,0,0,0,0,0,0,0,0,0,20.9,-7.1,26.3,15.6,-15.1,-14.3,-14.2,-15.1
GHCND:USW00014764,PORTLAND JETPORT ME US,20100728,0.1,-9999,-9999,0.43,-9999,-9999,1.07,-9999,-9999,8.31,0,66.7,119.1,339,206,75,24,0,0,0,0,0,0,0,0,0,20.9,-7.1,26.2,15.6,-15.1,-14.3,-14.2,-15.1
GHCND:USW00014764,PORTLAND JETPORT ME US,20100729,0.1,-9999,-9999,0.41,-9999,-9999,1.04,-9999,-9999,8.59,0,66.98,119.1,337,204,74,24,0,0,0,0,0,0,0,0,0,20.9,-7.1,26.2,15.5,-15.1,-14.3,-14.2,-15.1
GHCND:USW00014764,PORTLAND JETPORT ME US,20100730,0.1,-9999,-9999,0.41,-9999,-9999,1.04,-9999,-9999,8.89,0,67.28,119.1,335,202,72,24,0,0,0,0,0,0,0,0,0,20.8,-7.1,26.2,15.5,-15.1,-14.3,-14.2,-15.1
GHCND:USW00014764,PORTLAND JETPORT ME US,20100731,0.1,-9999,-9999,0.41,-9999,-9999,1.04,-9999,-9999,9.17,0,67.56,119.1,333,200,71,24,0,0,0,0,0,0,0,0,0,20.8,-7.1,26.2,15.5,-15.1,-14.3,-14.2,-15.1
GHCND:USW00014764,PORTLAND JETPORT ME US,20100801,0.1,-9999,-9999,0.41,-9999,-9999,1.02,-9999,-9999,0.28,0,67.84,119.1,331,198,70,24,0,0,0,0,0,0,0,0,0,20.8,-7.1,26.2,15.4,-15.1,-14.3,-14.2,-15.1
GHCND:USW00014764,PORTLAND JETPORT ME US,20100802,0.1,-9999,-9999,0.41,-9999,-9999,1.02,-9999,-9999,0.56,0,68.12,119.1,329,196,69,24,0,0,0,0,0,0,0,0,0,20.8,-7.1,26.2,15.4,-15.1,-14.3,-14.2,-15
GHCND:USW00014764,PORTLAND JETPORT ME US,20100803,0.1,-9999,-9999,0.41,-9999,-9999,1.02,-9999,-9999,0.81,0,68.38,119.1,327,194,68,24,0,0,0,0,0,0,0,0,0,20.8,-7,26.2,15.4,-15.1,-14.3,-14.2,-15
GHCND:USW00014764,PORTLAND JETPORT ME US,20100804,0.1,-9999,-9999,0.41,-9999,-9999,0.99,-9999,-9999,1.07,0,68.63,119.1,325,192,67,23,0,0,0,0,0,0,0,0,0,20.7,-7,26.1,15.3,-15.1,-14.3,-14.2,-15
GHCND:USW00014764,PORTLAND JETPORT ME US,20100805,0.1,-9999,-9999,0.41,-9999,-9999,0.99,-9999,-9999,1.35,0,68.91,119.1,323,190,66,23,0,0,0,0,0,0,0,0,0,20.7,-7,26.1,15.3,-15.1,-14.3,-14.2,-14.9
GHCND:USW00014764,PORTLAND JETPORT ME US,20100806,0.1,-9999,-9999,0.38,-9999,-9999,0.99,-9999,-9999,1.6,0,69.16,119.1,321,187,64,23,0,0,0,0,0,0,0,0,0,20.7,-7,26.1,15.3,-15.1,-14.3,-14.2,-14.9
GHCND:USW00014764,PORTLAND JETPORT ME US,20100807,0.1,-9999,-9999,0.38,-9999,-9999,0.97,-9999,-9999,1.88,0,69.44,119.1,319,186,63,23,0,0,0,0,0,0,0,0,0,20.6,-7,26,15.2,-15.1,-14.3,-14.2,-14.9
GHCND:USW00014764,PORTLAND JETPORT ME US,20100808,0.1,-9999,-9999,0.38,-9999,-9999,0.97,-9999,-9999,2.13,0,69.7,119.1,318,184,63,22,0,0,0,0,0,0,0,0,0,20.6,-7,26,15.2,-15.1,-14.3,-14.2,-14.9
GHCND:USW00014764,PORTLAND JETPORT ME US,20100809,0.1,-9999,-9999,0.38,-9999,-9999,0.97,-9999,-9999,2.41,0,69.98,119.1,316,182,62,22,0,0,0,0,0,0,0,0,0,20.6,-6.9,25.9,15.1,-15.1,-14.3,-14.2,-14.9
GHCND:USW00014764,PORTLAND JETPORT ME US,20100810,0.08,-9999,-9999,0.38,-9999,-9999,0.97,-9999,-9999,2.67,0,70.23,119.1,313,181,61,22,0,0,0,0,0,0,0,0,0,20.5,-6.9,25.9,15.1,-15,-14.3,-14.2,-14.8
GHCND:USW00014764,PORTLAND JETPORT ME US,20100811,0.08,-9999,-9999,0.38,-9999,-9999,0.97,-9999,-9999,2.95,0,70.51,119.1,311,179,60,22,0,0,0,0,0,0,0,0,0,20.4,-6.9,25.8,15.1,-15,-14.3,-14.2,-14.8
GHCND:USW00014764,PORTLAND JETPORT ME US,20100812,0.08,-9999,-9999,0.38,-9999,-9999,0.97,-9999,-9999,3.2,0,70.76,119.1,309,177,59,22,0,0,0,0,0,0,0,0,0,20.4,-6.9,25.8,14.9,-15,-14.3,-14.2,-14.8
GHCND:USW00014764,PORTLAND JETPORT ME US,20100813,0.08,-9999,-9999,0.38,-9999,-9999,0.97,-9999,-9999,3.45,0,71.02,119.1,307,175,58,22,0,0,0,0,0,0,0,0,0,20.3,-6.9,25.7,14.9,-15,-14.3,-14.2,-14.8
GHCND:USW00014764,PORTLAND JETPORT ME US,20100814,0.08,-9999,-9999,0.38,-9999,-9999,0.94,-9999,-9999,3.71,0,71.27,119.1,305,174,57,22,0,0,0,0,0,0,0,0,0,20.3,-6.9,25.7,14.8,-14.9,-14.3,-14.2,-14.8
GHCND:USW00014764,PORTLAND JETPORT ME US,20100815,0.08,-9999,-9999,0.36,-9999,-9999,0.94,-9999,-9999,3.96,0,71.53,119.1,303,172,56,22,0,0,0,0,0,0,0,0,0,20.2,-6.9,25.6,14.8,-14.9,-14.3,-14.2,-14.7
GHCND:USW00014764,PORTLAND JETPORT ME US,20100816,0.08,-9999,-9999,0.36,-9999,-9999,0.94,-9999,-9999,4.22,0,71.78,119.1,301,170,55,22,0,0,0,0,0,0,0,0,0,20.1,-6.9,25.6,14.7,-14.9,-14.3,-14.2,-14.7
GHCND:USW00014764,PORTLAND JETPORT ME US,20100817,0.08,-9999,-9999,0.36,-9999,-9999,0.94,-9999,-9999,4.47,0,72.03,119.1,300,168,55,22,0,0,0,0,0,0,0,0,0,20.1,-6.9,25.5,14.6,-14.9,-14.3,-14.2,-14.7
GHCND:USW00014764,PORTLAND JETPORT ME US,20100818,0.08,-9999,-9999,0.36,-9999,-9999,0.94,-9999,-9999,4.72,0,72.29,119.1,298,167,54,22,0,0,0,0,0,0,0,0,0,20,-6.9,25.4,14.6,-14.9,-14.3,-14.2,-14.7
GHCND:USW00014764,PORTLAND JETPORT ME US,20100819,0.08,-9999,-9999,0.36,-9999,-9999,0.94,-9999,-9999,4.98,0,72.54,119.1,298,166,54,22,0,0,0,0,0,0,0,0,0,19.9,-6.9,25.3,14.4,-14.9,-14.3,-14.2,-14.6
GHCND:USW00014764,PORTLAND JETPORT ME US,20100820,0.08,-9999,-9999,0.36,-9999,-9999,0.94,-9999,-9999,5.21,0,72.77,119.1,297,165,54,22,0,0,0,0,0,0,0,0,0,19.8,-6.9,25.2,14.4,-14.8,-14.3,-14.2,-14.6
GHCND:USW00014764,PORTLAND JETPORT ME US,20100821,0.08,-9999,-9999,0.36,-9999,-9999,0.94,-9999,-9999,5.46,0,73.02,119.1,297,164,53,23,0,0,0,0,0,0,0,0,0,19.7,-6.9,25.2,14.3,-14.8,-14.3,-14.2,-14.6
GHCND:USW00014764,PORTLAND JETPORT ME US,20100822,0.08,-9999,-9999,0.33,-9999,-9999,0.94,-9999,-9999,5.72,0,73.28,119.1,296,163,53,23,0,0,0,0,0,0,0,0,0,19.6,-6.9,25.1,14.2,-14.8,-14.3,-14.2,-14.5
GHCND:USW00014764,PORTLAND JETPORT ME US,20100823,0.08,-9999,-9999,0.33,-9999,-9999,0.94,-9999,-9999,5.97,0,73.53,119.1,296,162,54,23,0,0,0,0,0,0,0,0,0,19.5,-6.9,24.9,14.1,-14.8,-14.3,-14.1,-14.5
GHCND:USW00014764,PORTLAND JETPORT ME US,20100824,0.08,-9999,-9999,0.33,-9999,-9999,0.94,-9999,-9999,6.22,0,73.79,119.1,295,162,54,23,0,0,0,0,0,0,0,0,0,19.4,-6.9,24.8,14,-14.8,-14.3,-14.1,-14.4
GHCND:USW00014764,PORTLAND JETPORT ME US,20100825,0.08,-9999,-9999,0.33,-9999,-9999,0.94,-9999,-9999,6.48,0,74.04,119.1,294,161,54,23,0,0,0,0,0,0,0,0,0,19.3,-6.9,24.7,13.9,-14.7,-14.3,-14.1,-14.4
GHCND:USW00014764,PORTLAND JETPORT ME US,20100826,0.08,-9999,-9999,0.33,-9999,-9999,0.94,-9999,-9999,6.73,0,74.3,119.1,294,161,54,23,0,0,0,0,0,0,0,0,0,19.2,-6.9,24.6,13.8,-14.7,-14.2,-14.1,-14.4
GHCND:USW00014764,PORTLAND JETPORT ME US,20100827,0.08,-9999,-9999,0.33,-9999,-9999,0.97,-9999,-9999,6.99,0,74.55,119.1,294,162,55,24,0,0,0,0,0,0,0,0,0,19.1,-6.9,24.5,13.7,-14.7,-14.2,-14.1,-14.4
GHCND:USW00014764,PORTLAND JETPORT ME US,20100828,0.08,-9999,-9999,0.36,-9999,-9999,0.97,-9999,-9999,7.24,0,74.8,119.1,294,162,55,24,0,0,0,0,0,0,0,0,0,18.9,-6.9,24.4,13.5,-14.7,-14.2,-14.1,-14.4
GHCND:USW00014764,PORTLAND JETPORT ME US,20100829,0.08,-9999,-9999,0.36,-9999,-9999,0.99,-9999,-9999,7.49,0,75.06,119.1,295,163,56,24,0,0,0,0,0,0,0,0,0,18.8,-6.9,24.3,13.4,-14.7,-14.2,-14.1,-14.3
GHCND:USW00014764,PORTLAND JETPORT ME US,20100830,0.08,-9999,-9999,0.36,-9999,-9999,0.99,-9999,-9999,7.72,0,75.29,119.1,295,164,57,25,0,0,0,0,0,0,0,0,0,18.7,-6.9,24.1,13.3,-14.7,-14.2,-14.1,-14.3
GHCND:USW00014764,PORTLAND JETPORT ME US,20100831,0.08,-9999,-9999,0.36,-9999,-9999,1.02,-9999,-9999,7.98,0,75.54,119.1,295,164,58,25,0,0,0,0,0,0,0,0,0,18.6,-6.9,24,13.1,-14.6,-14.2,-14.1,-14.3
GHCND:USW00014764,PORTLAND JETPORT ME US,20100901,0.08,-9999,-9999,0.36,-9999,-9999,1.02,-9999,-9999,0.25,0,75.79,119.1,296,165,59,26,0,0,0,0,0,0,0,0,0,18.4,-6.9,23.8,13,-14.6,-14.2,-14,-14.3
GHCND:USW00014764,PORTLAND JETPORT ME US,20100902,0.1,-9999,-9999,0.36,-9999,-9999,1.04,-9999,-9999,0.53,0,76.07,119.1,296,166,60,26,0,0,0,0,0,0,0,0,0,18.2,-6.9,23.7,12.8,-14.6,-14.1,-14,-14.2
GHCND:USW00014764,PORTLAND JETPORT ME US,20100903,0.1,-9999,-9999,0.36,-9999,-9999,1.04,-9999,-9999,0.81,0,76.35,119.1,297,167,61,27,0,0,0,0,0,0,0,0,0,18.1,-6.9,23.5,12.7,-14.6,-14.1,-14,-14.2
GHCND:USW00014764,PORTLAND JETPORT ME US,20100904,0.1,-9999,-9999,0.36,-9999,-9999,1.04,-9999,-9999,1.07,0,76.61,119.1,297,168,62,28,0,0,0,0,0,0,0,0,0,17.9,-6.9,23.3,12.5,-14.6,-14.1,-13.9,-14.2
GHCND:USW00014764,PORTLAND JETPORT ME US,20100905,0.1,-9999,-9999,0.38,-9999,-9999,1.07,-9999,-9999,1.32,0,76.86,119.1,298,169,62,28,0,0,0,0,0,0,0,0,0,17.8,-6.9,23.2,12.3,-14.6,-14.1,-13.9,-14.2
GHCND:USW00014764,PORTLAND JETPORT ME US,20100906,0.1,-9999,-9999,0.38,-9999,-9999,1.07,-9999,-9999,1.57,0,77.11,119.1,299,170,63,29,0,0,0,0,0,0,0,0,0,17.6,-6.9,23,12.2,-14.6,-14.1,-13.9,-14.1
GHCND:USW00014764,PORTLAND JETPORT ME US,20100907,0.1,-9999,-9999,0.38,-9999,-9999,1.07,-9999,-9999,1.83,0,77.37,119.1,300,171,64,29,0,0,0,0,0,0,0,0,0,17.4,-6.9,22.8,12,-14.5,-14,-13.9,-14.1
GHCND:USW00014764,PORTLAND JETPORT ME US,20100908,0.1,-9999,-9999,0.38,-9999,-9999,1.09,-9999,-9999,2.11,0,77.65,119.1,302,173,65,30,0,0,0,0,0,0,0,0,0,17.2,-6.9,22.7,11.8,-14.5,-14,-13.9,-14.1
GHCND:USW00014764,PORTLAND JETPORT ME US,20100909,0.1,-9999,-9999,0.38,-9999,-9999,1.09,-9999,-9999,2.39,0,77.93,119.1,304,175,66,30,0,0,0,0,0,0,0,0,0,17.1,-6.9,22.5,11.6,-14.5,-14,-13.9,-14.1
GHCND:USW00014764,PORTLAND JETPORT ME US,20100910,0.1,-9999,-9999,0.38,-9999,-9999,1.09,-9999,-9999,2.67,0,78.21,119.1,305,176,66,31,0,0,0,0,0,0,0,0,0,16.8,-6.9,22.3,11.4,-14.4,-13.9,-13.9,-14
GHCND:USW00014764,PORTLAND JETPORT ME US,20100911,0.1,-9999,-9999,0.38,-9999,-9999,1.12,-9999,-9999,2.97,0,78.51,119.1,306,177,67,31,0,0,0,0,0,0,0,0,0,16.7,-6.9,22.1,11.2,-14.4,-13.9,-13.9,-14
GHCND:USW00014764,PORTLAND JETPORT ME US,20100912,0.1,-9999,-9999,0.41,-9999,-9999,1.12,-9999,-9999,3.3,0,78.84,119.1,308,179,68,32,0,0,0,0,0,0,0,0,0,16.4,-6.9,21.9,11.1,-14.4,-13.9,-13.9,-13.9
GHCND:USW00014764,PORTLAND JETPORT ME US,20100913,0.1,-9999,-9999,0.41,-9999,-9999,1.12,-9999,-9999,3.61,0,79.15,119.1,310,181,70,32,0,0,0,0,0,0,0,0,0,16.3,-6.9,21.7,10.8,-14.4,-13.9,-13.9,-13.9
GHCND:USW00014764,PORTLAND JETPORT ME US,20100914,0.1,-9999,-9999,0.41,-9999,-9999,1.14,-9999,-9999,3.94,0,79.48,119.1,312,183,71,33,0,0,0,0,0,0,0,0,0,16.1,-6.9,21.5,10.6,-14.4,-13.9,-13.9,-13.9
GHCND:USW00014764,PORTLAND JETPORT ME US,20100915,0.13,-9999,-9999,0.41,-9999,-9999,1.14,-9999,-9999,4.24,0,79.78,119.1,314,185,72,34,0,0,0,0,0,0,0,0,0,15.8,-6.9,21.3,10.4,-14.4,-13.9,-13.9,-13.9
GHCND:USW00014764,PORTLAND JETPORT ME US,20100916,0.13,-9999,-9999,0.41,-9999,-9999,1.17,-9999,-9999,4.57,0,80.11,119.1,315,186,73,34,0,0,0,0,0,0,0,0,0,15.6,-6.9,21.1,10.2,-14.4,-13.9,-13.9,-13.8
GHCND:USW00014764,PORTLAND JETPORT ME US,20100917,0.13,-9999,-9999,0.43,-9999,-9999,1.17,-9999,-9999,4.9,0,80.44,119.1,316,188,74,35,0,0,0,0,0,0,0,0,0,15.4,-6.8,20.9,9.9,-14.4,-13.9,-13.9,-13.8
GHCND:USW00014764,PORTLAND JETPORT ME US,20100918,0.13,-9999,-9999,0.43,-9999,-9999,1.19,-9999,-9999,5.21,0,80.75,119.1,317,190,75,35,0,0,0,0,0,0,0,0,0,15.2,-6.8,20.7,9.7,-14.3,-13.9,-13.9,-13.8
GHCND:USW00014764,PORTLAND JETPORT ME US,20100919,0.13,-9999,-9999,0.43,-9999,-9999,1.19,-9999,-9999,5.54,0,81.08,119.1,318,191,76,35,0,0,0,0,0,0,0,0,0,15,-6.8,20.4,9.5,-14.3,-13.9,-13.9,-13.8
GHCND:USW00014764,PORTLAND JETPORT ME US,20100920,0.13,-9999,-9999,0.46,-9999,-9999,1.22,-9999,-9999,5.84,0,81.38,119.1,319,193,77,36,0,0,0,0,0,0,0,0,0,14.8,-6.8,20.2,9.3,-14.3,-13.9,-13.9,-13.7
GHCND:USW00014764,PORTLAND JETPORT ME US,20100921,0.13,-9999,-9999,0.46,-9999,-9999,1.22,-9999,-9999,6.17,0,81.71,119.1,320,195,78,36,0,0,0,0,0,0,0,0,0,14.6,-6.8,20.1,9.1,-14.3,-13.9,-13.9,-13.7
GHCND:USW00014764,PORTLAND JETPORT ME US,20100922,0.13,-9999,-9999,0.46,-9999,-9999,1.24,-9999,-9999,6.5,0,82.04,119.1,322,196,79,37,0,0,0,0,0,0,0,0,0,14.3,-6.8,19.8,8.8,-14.3,-13.9,-13.9,-13.7
GHCND:USW00014764,PORTLAND JETPORT ME US,20100923,0.13,-9999,-9999,0.46,-9999,-9999,1.24,-9999,-9999,6.83,0,82.37,119.1,323,198,80,37,0,0,0,0,0,0,0,0,0,14.1,-6.8,19.6,8.6,-14.3,-13.9,-13.9,-13.7
GHCND:USW00014764,PORTLAND JETPORT ME US,20100924,0.13,-9999,-9999,0.46,-9999,-9999,1.27,-9999,-9999,7.16,0,82.7,119.1,323,199,81,38,0,0,0,0,0,0,0,0,0,13.9,-6.7,19.4,8.3,-14.3,-13.9,-13.9,-13.7
GHCND:USW00014764,PORTLAND JETPORT ME US,20100925,0.13,-9999,-9999,0.48,-9999,-9999,1.27,-9999,-9999,7.52,0,83.06,119.1,324,200,82,38,0,0,0,0,0,0,0,0,0,13.7,-6.7,19.2,8.1,-14.2,-13.9,-13.9,-13.6
GHCND:USW00014764,PORTLAND JETPORT ME US,20100926,0.13,-9999,-9999,0.48,-9999,-9999,1.27,-9999,-9999,7.87,0,83.41,119.1,326,202,83,38,0,0,0,0,0,0,0,0,0,13.4,-6.7,18.9,7.9,-14.2,-13.8,-13.9,-13.6
GHCND:USW00014764,PORTLAND JETPORT ME US,20100927,0.13,-9999,-9999,0.48,-9999,-9999,1.3,-9999,-9999,8.23,0,83.77,119.1,327,203,83,39,0,0,0,0,0,0,0,0,0,13.2,-6.7,18.7,7.6,-14.2,-13.8,-13.8,-13.6
GHCND:USW00014764,PORTLAND JETPORT ME US,20100928,0.13,-9999,-9999,0.48,-9999,-9999,1.3,-9999,-9999,8.61,0,84.15,119.1,327,204,83,39,0,0,0,0,0,0,0,0,0,12.9,-6.7,18.5,7.4,-14.2,-13.8,-13.8,-13.6
GHCND:USW00014764,PORTLAND JETPORT ME US,20100929,0.13,-9999,-9999,0.48,-9999,-9999,1.3,-9999,-9999,8.99,0,84.53,119.1,328,204,84,39,0,0,0,0,0,0,0,0,0,12.7,-6.7,18.3,7.2,-14.2,-13.8,-13.9,-13.6
GHCND:USW00014764,PORTLAND JETPORT ME US,20100930,0.13,-9999,-9999,0.48,-9999,-9999,1.3,-9999,-9999,9.37,0,84.91,119.1,329,205,84,39,0,0,0,0,0,0,0,0,0,12.5,-6.6,18.1,6.9,-14.2,-13.8,-13.9,-13.5
GHCND:USW00014764,PORTLAND JETPORT ME US,20101001,0.13,-9999,-9999,0.48,-9999,-9999,1.3,-9999,-9999,0.38,0,85.29,119.1,330,206,84,39,0,0,0,0,0,0,0,0,0,12.3,-6.6,17.9,6.7,-14.2,-13.8,-13.9,-13.5
GHCND:USW00014764,PORTLAND JETPORT ME US,20101002,0.13,-9999,-9999,0.48,-9999,-9999,1.3,-9999,-9999,0.76,0,85.67,119.1,331,207,85,39,0,0,0,0,0,0,0,0,0,12.1,-6.6,17.7,6.5,-14.2,-13.8,-13.9,-13.5
GHCND:USW00014764,PORTLAND JETPORT ME US,20101003,0.13,-9999,-9999,0.48,-9999,-9999,1.3,-9999,-9999,1.14,0,86.06,119.1,332,208,85,39,0,0,0,0,0,0,0,0,0,11.8,-6.6,17.4,6.3,-14.2,-13.8,-13.9,-13.5
GHCND:USW00014764,PORTLAND JETPORT ME US,20101004,0.13,-9999,-9999,0.48,-9999,-9999,1.32,-9999,-9999,1.5,0,86.41,119.1,333,208,86,40,0,0,0,0,0,0,0,0,0,11.6,-6.6,17.2,6.1,-14.2,-13.8,-13.9,-13.4
GHCND:USW00014764,PORTLAND JETPORT ME US,20101005,0.13,-9999,-9999,0.48,-9999,-9999,1.32,-9999,-9999,1.88,0,86.79,119.1,333,209,87,40,0,0,0,0,0,0,0,0,0,11.4,-6.6,17.1,5.8,-14.2,-13.7,-13.9,-13.4
GHCND:USW00014764,PORTLAND JETPORT ME US,20101006,0.13,-9999,-9999,0.48,-9999,-9999,1.32,-9999,-9999,2.26,0,87.17,119.1,334,209,87,40,0,0,0,0,0,0,0,0,0,11.2,-6.6,16.8,5.6,-14.2,-13.7,-13.9,-13.4
GHCND:USW00014764,PORTLAND JETPORT ME US,20101007,0.13,-9999,-9999,0.48,-9999,-9999,1.32,-9999,-9999,2.67,0,87.58,119.1,334,210,88,40,0,0,0,0,0,0,0,0,0,11,-6.6,16.6,5.4,-14.2,-13.7,-13.9,-13.4
GHCND:USW00014764,PORTLAND JETPORT ME US,20101008,0.13,-9999,-9999,0.48,-9999,-9999,1.35,-9999,-9999,3.07,0,87.99,119.1,334,210,88,41,0,0,0,0,0,0,0,0,0,10.8,-6.6,16.4,5.2,-14.2,-13.7,-13.9,-13.4
GHCND:USW00014764,PORTLAND JETPORT ME US,20101009,0.13,-9999,-9999,0.48,-9999,-9999,1.35,-9999,-9999,3.48,0,88.39,119.1,335,211,89,41,0,0,0,0,0,0,0,0,0,10.6,-6.6,16.2,4.9,-14.2,-13.7,-13.9,-13.4
GHCND:USW00014764,PORTLAND JETPORT ME US,20101010,0.13,-9999,-169.2,0.48,-9999,-169.2,1.35,-9999,-169.2,3.86,0,88.77,119.1,335,212,90,41,0,0,0,0,1,0,0,0,0,10.4,-6.6,16,4.8,-14.2,-13.7,-13.8,-13.4
GHCND:USW00014764,PORTLAND JETPORT ME US,20101011,0.13,-9999,-169.2,0.48,-9999,-169.2,1.35,-9999,-169.2,4.27,0,89.18,119.1,336,213,90,41,0,0,0,0,1,0,0,0,0,10.2,-6.6,15.8,4.6,-14.2,-13.7,-13.8,-13.4
GHCND:USW00014764,PORTLAND JETPORT ME US,20101012,0.13,-9999,-169.2,0.48,-9999,-169.2,1.37,-9999,-169.2,4.65,0,89.56,119.1,336,214,91,41,0,0,0,0,1,0,0,0,0,10,-6.6,15.6,4.4,-14.2,-13.7,-13.8,-13.4
GHCND:USW00014764,PORTLAND JETPORT ME US,20101013,0.13,-9999,-169.2,0.51,-9999,-169.2,1.37,-9999,-169.2,5.03,0,89.94,119.1,336,214,91,41,0,0,0,0,1,0,0,0,0,9.8,-6.6,15.4,4.2,-14.2,-13.7,-13.8,-13.4
GHCND:USW00014764,PORTLAND JETPORT ME US,20101014,0.13,-9999,-169.2,0.51,-9999,-169.2,1.37,-9999,-169.2,5.44,0,90.35,119.1,336,215,91,41,0,0,0,0,1,0,0,0,0,9.6,-6.6,15.2,4,-14.2,-13.7,-13.8,-13.4
GHCND:USW00014764,PORTLAND JETPORT ME US,20101015,0.13,-9999,-169.2,0.51,-9999,-169.2,1.37,-9999,-169.2,5.84,0,90.75,119.1,337,216,92,41,0,0,0,0,2,-9999,0,0,0,9.4,-6.6,15,3.8,-14.2,-13.7,-13.8,-13.4
GHCND:USW00014764,PORTLAND JETPORT ME US,20101016,0.13,-1692,-169.2,0.48,-1692,-169.2,1.37,-1692,-169.2,6.25,0,91.16,119.1,338,217,92,41,-9999,0,0,0,2,-9999,0,0,0,9.2,-6.7,14.8,3.7,-14.2,-13.7,-13.8,-13.4
GHCND:USW00014764,PORTLAND JETPORT ME US,20101017,0.13,-1692,-169.2,0.48,-1692,-169.2,1.37,-1692,-169.2,6.63,0,91.54,119.1,338,217,92,41,-9999,0,0,0,2,-9999,0,0,0,9.1,-6.7,14.6,3.5,-14.2,-13.7,-13.8,-13.4
GHCND:USW00014764,PORTLAND JETPORT ME US,20101018,0.13,-1692,-169.2,0.48,-1692,-169.2,1.4,-1692,-169.2,7.04,0,91.95,119.1,339,218,92,41,-9999,0,0,0,3,-9999,0,0,0,8.9,-6.7,14.4,3.3,-14.2,-13.7,-13.8,-13.5
GHCND:USW00014764,PORTLAND JETPORT ME US,20101019,0.13,-1692,-169.2,0.48,-1692,-169.2,1.4,-1692,-169.2,7.44,0,92.35,119.1,340,219,93,41,-9999,0,0,0,3,-9999,0,0,0,8.7,-6.7,14.2,3.2,-14.2,-13.7,-13.8,-13.5
GHCND:USW00014764,PORTLAND JETPORT ME US,20101020,0.13,-1692,-169.2,0.48,-1692,-169.2,1.4,-1692,-169.2,7.85,0,92.76,119.1,342,220,93,42,-9999,0,0,0,4,-9999,0,0,0,8.5,-6.8,14,3,-14.2,-13.7,-13.8,-13.5
GHCND:USW00014764,PORTLAND JETPORT ME US,20101021,0.13,-1692,-169.2,0.48,-1692,-169.2,1.4,-1692,-169.2,8.25,0,93.17,119.1,343,221,94,42,-9999,0,-9999,0,4,-9999,0,0,0,8.3,-6.8,13.8,2.9,-14.2,-13.7,-13.8,-13.5
GHCND:USW00014764,PORTLAND JETPORT ME US,20101022,0.13,-1692,-169.2,0.48,-1692,-169.2,1.4,-1692,-169.2,8.69,0,93.6,119.1,344,222,94,41,-9999,0,-9999,0,5,-9999,0,0,0,8.2,-6.9,13.6,2.7,-14.2,-13.7,-13.8,-13.5
GHCND:USW00014764,PORTLAND JETPORT ME US,20101023,0.13,-1692,-169.2,0.48,-1692,-169.2,1.4,-1692,-169.2,9.12,0,94.03,119.1,345,223,94,41,-9999,0,-9999,-9999,6,-9999,0,0,0,8,-6.9,13.4,2.6,-14.1,-13.8,-13.8,-13.5
GHCND:USW00014764,PORTLAND JETPORT ME US,20101024,0.13,-1692,-169.2,0.48,-1692,-169.2,1.4,-1692,-169.2,9.53,0,94.44,119.1,346,224,95,41,-9999,0,-9999,-9999,7,-9999,0,-9999,-9999,7.8,-6.9,13.2,2.4,-14.1,-13.8,-13.7,-13.4
GHCND:USW00014764,PORTLAND JETPORT ME US,20101025,0.13,-1692,-169.2,0.48,-1692,-169.2,1.4,-1692,-169.2,9.93,0,94.84,119.1,346,225,95,41,-9999,0,-9999,-9999,8,-9999,0,-9999,-9999,7.7,-7,13.1,2.3,-14.1,-13.8,-13.7,-13.4
GHCND:USW00014764,PORTLAND JETPORT ME US,20101026,0.13,-1692,-169.2,0.48,-1692,-169.2,1.4,-1692,-169.2,10.34,0,95.25,119.1,347,226,95,41,-9999,0,-9999,-9999,9,-9999,0,-9999,-9999,7.5,-7.1,12.9,2.2,-14.1,-13.8,-13.7,-13.4
GHCND:USW00014764,PORTLAND JETPORT ME US,20101027,0.13,-1692,-169.2,0.51,-1692,-169.2,1.42,-1692,-169.2,10.74,0,95.66,119.1,348,226,96,41,-9999,0,-9999,-9999,10,-9999,0,-9999,-9999,7.3,-7.2,12.7,2.1,-14.1,-13.8,-13.7,-13.4
GHCND:USW00014764,PORTLAND JETPORT ME US,20101028,0.13,-1692,-169.2,0.51,-1692,-169.2,1.42,-1692,-169.2,11.15,0,96.06,119.1,349,227,96,41,-9999,0,-9999,-9999,11,-9999,0,-9999,-9999,7.2,-7.2,12.5,1.9,-14.1,-13.8,-13.7,-13.4
GHCND:USW00014764,PORTLAND JETPORT ME US,20101029,0.13,-1692,-169.2,0.51,-1692,-169.2,1.42,-1692,-169.2,11.56,0,96.47,119.1,350,228,97,41,-9999,0,-9999,-9999,13,-9999,0,-9999,-9999,7.1,-7.3,12.3,1.8,-14.1,-13.9,-13.7,-13.4
GHCND:USW00014764,PORTLAND JETPORT ME US,20101030,0.13,-1692,-169.2,0.51,-1692,-169.2,1.42,-1692,-169.2,11.96,0,96.88,119.1,351,229,97,41,-9999,0,-9999,-9999,14,-9999,0,-9999,-9999,6.9,-7.3,12.1,1.7,-14,-13.9,-13.7,-13.4
GHCND:USW00014764,PORTLAND JETPORT ME US,20101031,0.15,-1692,-169.2,0.51,-1692,-169.2,1.42,-1692,-169.2,12.37,0,97.28,119.1,352,230,98,41,-9999,0,-9999,-9999,16,-9999,-9999,-9999,-9999,6.7,-7.4,11.9,1.6,-14,-13.9,-13.6,-13.4
GHCND:USW00014764,PORTLAND JETPORT ME US,20101101,0.15,-1692,-169.2,0.51,-1692,-169.2,1.42,-1692,-169.2,0.46,0,97.74,119.1,353,231,98,41,14,1,5,2,18,10,1,2,1,6.6,-7.4,11.7,1.4,-14,-13.9,-13.6,-13.4
GHCND:USW00014764,PORTLAND JETPORT ME US,20101102,0.15,-1692,-169.2,0.51,-1692,-169.2,1.42,-1692,-169.2,0.91,0,98.2,119.1,355,232,99,41,16,1,6,3,19,11,1,2,1,6.4,-7.6,11.5,1.3,-13.9,-13.9,-13.6,-13.4
GHCND:USW00014764,PORTLAND JETPORT ME US,20101103,0.15,-1692,-169.2,0.51,-1692,-169.2,1.45,-1692,-169.2,1.37,0.3,98.65,119.1,356,234,99,41,18,1,7,3,21,12,1,2,1,6.3,-7.6,11.3,1.2,-13.9,-13.9,-13.6,-13.4
GHCND:USW00014764,PORTLAND JETPORT ME US,20101104,0.15,-1692,-169.2,0.51,-1692,-169.2,1.45,-1692,-169.2,1.83,0.3,99.11,119.1,357,235,99,41,20,1,7,3,23,13,1,2,1,6.1,-7.7,11.2,1.1,-13.9,-14,-13.6,-13.4
GHCND:USW00014764,PORTLAND JETPORT ME US,20101105,0.15,-1692,-169.2,0.51,-1692,-169.2,1.45,-1692,-169.2,2.24,0.3,99.52,119.4,359,236,100,41,21,1,8,3,25,14,1,2,2,5.9,-7.7,10.9,0.9,-13.9,-14,-13.5,-13.4
GHCND:USW00014764,PORTLAND JETPORT ME US,20101106,0.15,-1692,-169.2,0.51,-1692,-169.2,1.45,-1692,-169.2,2.64,0.3,99.92,119.4,360,237,100,41,23,1,9,4,28,15,1,3,2,5.8,-7.8,10.8,0.8,-13.9,-14,-13.5,-13.4
GHCND:USW00014764,PORTLAND JETPORT ME US,20101107,0.15,-1692,-169.2,0.51,-1692,-169.2,1.45,-1692,-169.2,3.05,0.5,100.33,119.4,360,237,100,41,26,1,10,4,30,16,1,3,2,5.6,-7.9,10.6,0.7,-13.8,-14,-13.4,-13.4
GHCND:USW00014764,PORTLAND JETPORT ME US,20101108,0.15,-1692,-169.2,0.51,-1692,-169.2,1.45,-1692,-169.2,3.48,0.5,100.76,119.6,361,238,101,41,28,1,11,5,33,17,1,4,2,5.4,-7.9,10.4,0.6,-13.8,-14.1,-13.4,-13.3
GHCND:USW00014764,PORTLAND JETPORT ME US,20101109,0.15,-1692,-169.2,0.51,-1692,-169.2,1.45,-1692,-169.2,3.89,0.5,101.17,119.6,363,238,101,41,31,1,13,5,36,19,1,4,3,5.3,-8,10.2,0.4,-13.8,-14.1,-13.4,-13.3
GHCND:USW00014764,PORTLAND JETPORT ME US,20101110,0.15,-1692,-169.2,0.48,-1692,-169.2,1.45,-1692,-169.2,4.29,0.8,101.57,119.6,364,238,101,41,34,1,14,6,39,21,1,5,3,5.1,-8.1,10,0.3,-13.8,-14.1,-13.4,-13.3
GHCND:USW00014764,PORTLAND JETPORT ME US,20101111,0.13,-1692,-169.2,0.48,-1692,-169.2,1.45,-1692,-169.2,4.7,0.8,101.98,119.9,366,239,101,42,37,1,16,7,42,22,1,5,3,5,-8.2,9.8,0.2,-13.8,-14.1,-13.4,-13.3
GHCND:USW00014764,PORTLAND JETPORT ME US,20101112,0.13,-1692,-169.2,0.48,-1692,-169.2,1.45,-1692,-169.2,5.11,0.8,102.39,119.9,367,239,101,42,41,1,18,8,46,24,1,6,3,4.8,-8.2,9.6,0,-13.7,-14.1,-13.4,-13.3
GHCND:USW00014764,PORTLAND JETPORT ME US,20101113,0.13,-1692,-169.2,0.48,-1692,-169.2,1.42,-1692,-169.2,5.54,1,102.82,119.9,368,239,102,42,46,1,21,9,49,26,1,7,4,4.7,-8.3,9.4,-0.1,-13.7,-14.2,-13.4,-13.3
GHCND:USW00014764,PORTLAND JETPORT ME US,20101114,0.13,-1692,-169.2,0.48,-1692,-169.2,1.42,-1692,-169.2,5.97,1,103.25,120.1,369,239,102,42,50,1,24,10,53,28,1,7,4,4.4,-8.3,9.2,-0.3,-13.7,-14.2,-13.4,-13.3
GHCND:USW00014764,PORTLAND JETPORT ME US,20101115,0.13,-1692,-169.2,0.48,-1692,-169.2,1.42,-1692,-169.2,6.4,1.3,103.68,120.1,370,239,102,42,56,1,26,12,57,30,1,8,4,4.3,-8.4,9,-0.4,-13.7,-14.2,-13.3,-13.3
GHCND:USW00014764,PORTLAND JETPORT ME US,20101116,0.13,-1692,-169.2,0.46,-1692,-169.2,1.42,-1692,-169.2,6.83,1.3,104.11,120.4,371,239,102,42,61,1,29,13,61,32,1,9,5,4.1,-8.4,8.8,-0.6,-13.7,-14.2,-13.3,-13.2
GHCND:USW00014764,PORTLAND JETPORT ME US,20101117,0.13,-1692,-169.2,0.46,-1692,-169.2,1.42,-1692,-169.2,7.26,1.3,104.55,120.4,371,239,102,42,67,1,33,14,65,34,1,10,5,3.9,-8.4,8.6,-0.7,-13.6,-14.2,-13.3,-13.2
GHCND:USW00014764,PORTLAND JETPORT ME US,20101118,0.13,-1692,-169.2,0.46,-1692,-169.2,1.4,-1692,-169.2,7.7,1.5,104.98,120.7,372,238,101,42,73,2,36,16,69,36,1,11,5,3.8,-8.5,8.4,-0.9,-13.6,-14.2,-13.3,-13.2
GHCND:USW00014764,PORTLAND JETPORT ME US,20101119,0.13,-1692,-169.2,0.46,-1692,-169.2,1.4,-1692,-169.2,8.13,1.8,105.41,120.7,373,238,101,42,79,2,40,18,73,38,1,12,6,3.6,-8.6,8.2,-1,-13.6,-14.3,-13.2,-13.2
GHCND:USW00014764,PORTLAND JETPORT ME US,20101120,0.13,-1692,-169.2,0.46,-1692,-169.2,1.4,-1692,-169.2,8.56,1.8,105.84,120.9,374,238,101,42,86,2,44,20,78,40,1,13,6,3.4,-8.6,8,-1.2,-13.6,-14.3,-13.2,-13.2
GHCND:USW00014764,PORTLAND JETPORT ME US,20101121,0.13,-1692,-169.2,0.46,-1692,-169.2,1.37,-1692,-169.2,8.97,2,106.25,121.2,375,238,101,42,93,2,48,22,82,42,1,14,7,3.2,-8.6,7.8,-1.4,-13.5,-14.3,-13.2,-13.2
GHCND:USW00014764,PORTLAND JETPORT ME US,20101122,0.13,-1692,-169.2,0.43,-1692,-169.2,1.37,-1692,-169.2,9.37,2.3,106.65,121.4,375,238,101,42,100,3,52,25,87,45,1,16,7,3.1,-8.6,7.6,-1.6,-13.5,-14.3,-13.2,-13.2
GHCND:USW00014764,PORTLAND JETPORT ME US,20101123,0.13,-1692,-169.2,0.43,-1692,-169.2,1.37,-1692,-169.2,9.78,2.5,107.06,121.7,376,238,100,42,108,4,57,27,91,47,1,17,8,2.8,-8.7,7.4,-1.7,-13.4,-14.3,-13.2,-13.1
GHCND:USW00014764,PORTLAND JETPORT ME US,20101124,0.13,-1692,-169.2,0.43,-1692,-169.2,1.37,-1692,-169.2,10.21,2.8,107.49,121.9,377,238,100,42,115,4,63,30,96,50,1,18,8,2.7,-8.7,7.2,-1.9,-13.4,-14.3,-13.1,-13.1
GHCND:USW00014764,PORTLAND JETPORT ME US,20101125,0.13,5,0.8,0.43,8,2.5,1.35,13,6.4,10.59,3,107.87,122.2,377,238,100,42,124,5,68,34,101,53,2,20,9,2.4,-8.7,7,-2.1,-13.4,-14.3,-13.1,-13.1
GHCND:USW00014764,PORTLAND JETPORT ME US,20101126,0.13,5,0.8,0.43,8,2.5,1.35,13,6.6,11,3.6,108.28,122.4,378,239,100,42,133,6,74,38,106,55,2,21,9,2.3,-8.7,6.8,-2.3,-13.4,-14.3,-13.1,-13.1
GHCND:USW00014764,PORTLAND JETPORT ME US,20101127,0.13,5,0.8,0.43,8,2.5,1.32,13,6.6,11.38,3.8,108.66,122.7,379,239,99,42,142,7,80,42,110,58,2,23,10,2.1,-8.7,6.6,-2.4,-13.3,-14.3,-13.1,-13
GHCND:USW00014764,PORTLAND JETPORT ME US,20101128,0.13,5,0.8,0.43,8,2.5,1.32,13,6.6,11.76,4.1,109.04,123.2,379,239,99,42,151,8,87,46,115,61,2,24,11,1.9,-8.7,6.4,-2.7,-13.3,-14.3,-13,-13
GHCND:USW00014764,PORTLAND JETPORT ME US,20101129,0.13,5,0.8,0.43,8,2.8,1.32,13,6.9,12.14,4.3,109.42,123.4,379,238,98,42,161,9,94,50,119,64,2,26,11,1.7,-8.7,6.2,-2.9,-13.3,-14.3,-13,-12.9
GHCND:USW00014764,PORTLAND JETPORT ME US,20101130,0.1,5,0.8,0.43,8,2.8,1.3,13,6.9,12.52,4.8,109.8,124,379,238,97,42,171,11,101,55,124,66,2,28,12,1.4,-8.7,6,-3.1,-13.3,-14.3,-13,-12.9
GHCND:USW00014764,PORTLAND JETPORT ME US,20101201,0.1,5,0.8,0.43,8,2.8,1.3,13,6.9,0.36,0.5,110.16,124.5,378,237,97,42,182,12,109,60,129,69,2,29,13,1.3,-8.7,5.8,-3.3,-13.2,-14.3,-12.9,-12.9
GHCND:USW00014764,PORTLAND JETPORT ME US,20101202,0.1,5,0.8,0.43,8,2.8,1.27,15,7.1,0.71,1.3,110.52,125.2,378,236,96,42,193,13,117,65,134,72,2,31,14,1.1,-8.7,5.6,-3.5,-13.2,-14.3,-12.9,-12.8
GHCND:USW00014764,PORTLAND JETPORT ME US,20101203,0.1,5,0.8,0.43,8,2.8,1.27,15,7.1,1.07,2,110.87,125.7,378,236,95,42,204,15,125,71,139,75,2,33,14,0.8,-8.7,5.4,-3.7,-13.2,-14.3,-12.9,-12.8
GHCND:USW00014764,PORTLAND JETPORT ME US,20101204,0.1,5,0.8,0.41,8,2.8,1.24,15,7.1,1.42,2.5,111.23,126.5,377,235,94,41,217,17,134,77,144,78,2,35,15,0.7,-8.7,5.2,-3.9,-13.2,-14.3,-12.9,-12.8
GHCND:USW00014764,PORTLAND JETPORT ME US,20101205,0.1,5,0.8,0.41,8,2.8,1.24,15,7.1,1.78,3.3,111.58,127.3,377,234,93,41,229,19,143,83,148,81,2,36,16,0.4,-8.7,5,-4.1,-13.1,-14.3,-12.9,-12.7
GHCND:USW00014764,PORTLAND JETPORT ME US,20101206,0.1,5,0.8,0.41,8,2.8,1.22,15,7.1,2.13,4.3,111.94,128,378,234,93,41,242,21,151,89,153,84,3,38,16,0.2,-8.6,4.8,-4.3,-13.1,-14.3,-12.9,-12.7
GHCND:USW00014764,PORTLAND JETPORT ME US,20101207,0.1,5,0.8,0.41,8,2.8,1.22,15,7.1,2.49,5.1,112.29,129,377,234,92,41,255,23,160,95,158,87,3,39,17,0,-8.6,4.6,-4.6,-13.1,-14.3,-12.8,-12.7
GHCND:USW00014764,PORTLAND JETPORT ME US,20101208,0.1,5,0.8,0.41,8,2.8,1.19,15,7.4,2.84,6.1,112.65,129.8,377,233,91,40,268,25,169,101,162,89,3,41,18,-0.2,-8.6,4.4,-4.8,-13.1,-14.3,-12.8,-12.7
GHCND:USW00014764,PORTLAND JETPORT ME US,20101209,0.1,5,0.8,0.41,8,2.8,1.19,15,7.4,3.2,6.9,113,130.8,377,233,90,40,280,28,178,108,166,92,3,42,19,-0.4,-8.6,4.2,-5,-13,-14.3,-12.8,-12.6
GHCND:USW00014764,PORTLAND JETPORT ME US,20101210,0.1,5,0.8,0.43,10,2.8,1.17,15,7.4,3.56,7.9,113.36,131.8,376,233,89,39,294,31,187,115,170,94,3,44,19,-0.6,-8.6,4,-5.2,-13,-14.3,-12.8,-12.6
GHCND:USW00014764,PORTLAND JETPORT ME US,20101211,0.1,5,0.8,0.43,10,2.8,1.17,15,7.6,3.91,8.9,113.72,132.6,376,233,88,39,307,34,197,122,174,96,4,45,20,-0.8,-8.5,3.8,-5.4,-12.9,-14.3,-12.8,-12.6
GHCND:USW00014764,PORTLAND JETPORT ME US,20101212,0.1,5,0.8,0.43,10,2.8,1.17,15,7.6,4.27,9.9,114.07,133.6,375,233,87,39,320,38,206,130,178,99,4,47,21,-1.1,-8.5,3.6,-5.7,-12.9,-14.3,-12.8,-12.5
GHCND:USW00014764,PORTLAND JETPORT ME US,20101213,0.1,5,0.8,0.43,10,3,1.14,15,7.6,4.6,10.9,114.4,134.6,375,233,86,38,332,41,216,138,181,101,4,48,22,-1.2,-8.4,3.4,-5.9,-12.9,-14.3,-12.7,-12.5
GHCND:USW00014764,PORTLAND JETPORT ME US,20101214,0.1,5,0.8,0.43,10,3,1.14,18,7.9,4.93,11.9,114.73,135.6,375,233,85,38,345,45,226,147,185,104,4,50,23,-1.4,-8.4,3.2,-6.1,-12.9,-14.3,-12.7,-12.4
GHCND:USW00014764,PORTLAND JETPORT ME US,20101215,0.1,5,0.8,0.43,10,3,1.14,18,7.9,5.26,13,115.06,136.9,375,232,84,37,358,50,236,156,189,106,4,51,23,-1.7,-8.4,3.1,-6.3,-12.9,-14.3,-12.7,-12.4
GHCND:USW00014764,PORTLAND JETPORT ME US,20101216,0.1,5,0.8,0.43,10,3,1.12,18,8.1,5.59,14,115.39,137.9,374,232,83,37,371,54,247,166,193,108,5,53,24,-1.8,-8.4,2.8,-6.6,-12.8,-14.3,-12.7,-12.4
GHCND:USW00014764,PORTLAND JETPORT ME US,20101217,0.1,5,0.8,0.43,10,3,1.12,18,8.1,5.92,15.2,115.72,138.9,374,232,83,37,384,59,257,175,196,110,5,54,25,-2.1,-8.3,2.7,-6.8,-12.8,-14.2,-12.7,-12.4
GHCND:USW00014764,PORTLAND JETPORT ME US,20101218,0.1,5,0.8,0.43,10,3,1.12,18,8.1,6.25,16.3,116.05,140.2,373,231,82,36,397,64,267,185,199,112,5,55,26,-2.2,-8.3,2.5,-6.9,-12.8,-14.2,-12.7,-12.3
GHCND:USW00014764,PORTLAND JETPORT ME US,20101219,0.1,5,0.8,0.43,10,3,1.09,18,8.1,6.55,17.5,116.36,141.5,373,230,81,36,410,69,278,194,203,115,5,56,27,-2.4,-8.3,2.3,-7.2,-12.8,-14.2,-12.7,-12.3
GHCND:USW00014764,PORTLAND JETPORT ME US,20101220,0.1,5,0.8,0.43,10,3,1.09,20,8.1,6.86,18.8,116.66,142.5,373,230,80,36,423,74,289,204,206,117,6,57,27,-2.6,-8.3,2.1,-7.4,-12.7,-14.2,-12.6,-12.3
GHCND:USW00014764,PORTLAND JETPORT ME US,20101221,0.1,5,0.8,0.43,10,3,1.09,20,8.1,7.19,20.1,116.99,143.8,373,229,80,35,436,79,300,214,209,118,6,58,28,-2.8,-8.3,1.9,-7.6,-12.7,-14.2,-12.6,-12.2
GHCND:USW00014764,PORTLAND JETPORT ME US,20101222,0.1,5,0.8,0.43,13,3,1.09,20,8.1,7.49,21.3,117.3,145,373,228,79,35,449,84,311,224,213,120,6,59,29,-3,-8.2,1.8,-7.8,-12.7,-14.2,-12.6,-12.2
GHCND:USW00014764,PORTLAND JETPORT ME US,20101223,0.1,5,0.8,0.43,13,3,1.07,20,8.1,7.8,22.6,117.6,146.3,373,228,79,34,462,90,322,234,216,122,6,60,29,-3.2,-8.2,1.6,-7.9,-12.7,-14.2,-12.6,-12.2
GHCND:USW00014764,PORTLAND JETPORT ME US,20101224,0.1,5,0.8,0.41,13,3,1.07,20,8.1,8.1,23.9,117.91,147.6,373,227,79,34,475,95,333,243,219,123,7,61,30,-3.3,-8.2,1.4,-8.1,-12.7,-14.2,-12.6,-12.2
GHCND:USW00014764,PORTLAND JETPORT ME US,20101225,0.1,5,0.8,0.41,13,3,1.07,20,8.1,8.43,25.1,118.24,148.8,373,226,78,33,487,101,344,253,221,125,7,61,30,-3.5,-8.2,1.3,-8.3,-12.6,-14.2,-12.6,-12.1
GHCND:USW00014764,PORTLAND JETPORT ME US,20101226,0.1,5,0.8,0.41,13,3,1.07,20,8.1,8.74,26.4,118.54,150.4,373,225,78,33,500,107,355,263,225,126,7,62,31,-3.7,-8.2,1.1,-8.5,-12.6,-14.2,-12.6,-12.1
GHCND:USW00014764,PORTLAND JETPORT ME US,20101227,0.1,5,0.8,0.41,13,3,1.04,23,8.1,9.04,27.7,118.85,151.6,373,224,77,32,512,113,366,274,227,128,7,63,32,-3.8,-8.2,1,-8.7,-12.6,-14.2,-12.5,-12.1
GHCND:USW00014764,PORTLAND JETPORT ME US,20101228,0.1,5,0.8,0.41,13,3,1.04,23,8.1,9.35,29.2,119.15,153.2,373,224,77,32,524,119,377,284,230,129,7,64,33,-4,-8.1,0.8,-8.8,-12.6,-14.2,-12.5,-12
GHCND:USW00014764,PORTLAND JETPORT ME US,20101229,0.1,5,0.8,0.41,13,3,1.04,23,8.1,9.63,30.7,119.43,154.4,373,223,77,31,536,125,388,294,232,131,8,64,33,-4.1,-8.1,0.7,-8.9,-12.5,-14.2,-12.4,-11.9
GHCND:USW00014764,PORTLAND JETPORT ME US,20101230,0.1,5,0.8,0.38,13,3,1.04,23,8.1,9.93,32,119.74,156,373,223,77,31,548,132,398,304,235,132,8,65,34,-4.3,-8.1,0.6,-9.1,-12.4,-14.2,-12.4,-11.9
GHCND:USW00014764,PORTLAND JETPORT ME US,20101231,0.1,5,0.8,0.38,13,3,1.04,23,8.1,10.21,33.5,120.02,157.5,373,222,77,30,559,138,408,314,237,133,8,65,35,-4.4,-8.1,0.4,-9.3,-12.4,-14.2,-12.4,-11.8
